UsageData,BillingAmount,PaymentHistory,CustomerServiceInteractions,Complaints,PromotionsReceived,ContractType,ContractDuration,Age,Gender,Income,HouseholdSize,CustomerID,Churned_Month1
880.9229703211414,,1,2,0,0,1,16,18,Male,57732,2,CUST0001,0
,176.1447251913149,1,1,0,2,1,12,51,Male,84085,3,CUST0002,0
311.7631909760996,145.69017110784873,1,2,0,0,0,15,21,Female,51898,5,CUST0003,0
414.41277298410563,105.30521695441195,1,4,1,3,1,13,23,Male,72227,3,CUST0004,0
244.6970276783871,52.3083189956826,1,5,2,3,0,17,41,Female,37707,1,CUST0005,0
549.6249695472181,70.5079065132207,1,5,1,0,1,24,49,Female,110765,5,CUST0006,0
,93.18395864541247,0,1,1,3,0,8,64,Female,67488,4,CUST0007,0
935.2181080142898,2.2234358768333795,1,5,0,1,1,17,54,Male,107210,4,CUST0008,0
361.973971988064,121.02464273881044,1,2,0,2,0,22,45,Female,65815,5,CUST0009,0
493.6517678915359,10.565750562776577,1,4,0,0,1,1,27,Male,82109,2,CUST0010,0
887.4937841436865,86.75063197517836,1,5,1,2,1,12,31,Male,35579,3,CUST0011,0
776.9929816212058,133.48998650822082,1,5,1,2,0,7,40,Male,93890,4,CUST0012,0
524.5409425155657,,1,1,0,1,1,19,56,Male,65090,4,CUST0013,0
,,1,5,2,2,1,13,55,Female,107029,5,CUST0014,0
77.12142565598367,45.33296294915827,1,5,0,3,0,13,45,Male,77692,4,CUST0015,0
696.1029556321032,10.859954581343523,1,3,1,1,1,12,58,Male,56073,1,CUST0016,0
261.6634144805647,,1,4,1,0,1,10,58,Female,90962,5,CUST0017,1
776.1413201417856,113.640804098706,1,3,1,0,0,8,64,Female,73818,1,CUST0018,0
,,1,1,1,3,1,8,62,Male,118185,5,CUST0019,0
164.4172140847896,143.47528186514737,1,4,2,2,1,18,18,Male,27573,1,CUST0020,0
661.6548769193256,84.67106647399574,1,5,0,0,1,23,53,Female,70806,3,CUST0021,0
238.3269386604392,86.06959151305537,1,4,0,1,0,12,47,Male,62946,3,CUST0022,0
994.9406209329244,61.32349810617039,0,5,2,2,1,1,45,Female,111918,5,CUST0023,0
761.8442766928965,150.8759393953841,1,2,2,2,0,18,32,Male,40806,3,CUST0024,0
,68.94605018759317,1,3,1,3,1,17,65,Male,113964,3,CUST0025,0
,66.081175213236,1,3,2,1,0,4,46,Male,69097,5,CUST0026,0
,,1,4,1,3,1,15,56,Female,106384,5,CUST0027,0
510.12259943316764,,1,4,0,2,0,16,56,Male,53062,4,CUST0028,0
537.5805189395847,0.9534646108739775,0,0,0,1,0,10,38,Male,31715,1,CUST0029,0
522.986695032889,96.75451885817378,1,2,1,0,0,22,50,Male,48102,4,CUST0030,0
,25.119406220785436,0,3,0,3,1,1,34,Female,110037,4,CUST0031,0
562.547357981396,,1,3,1,2,0,1,59,Male,108968,4,CUST0032,0
728.1988801497511,188.47952027214097,1,4,0,3,1,20,44,Male,109515,5,CUST0033,0
492.041824046585,179.3328313338706,1,3,2,0,0,18,42,Male,53103,2,CUST0034,0
,174.95330893170654,1,5,1,3,1,22,65,Female,114768,4,CUST0035,0
395.51701881117486,180.53394696740932,1,1,1,0,1,20,62,Male,95019,2,CUST0036,0
,142.64510230850706,1,4,0,0,1,13,49,Male,92376,2,CUST0037,0
,,1,3,1,1,1,2,59,Female,93355,2,CUST0038,0
463.84991432368696,,0,5,0,3,1,24,32,Male,74836,4,CUST0039,0
550.5472241486176,30.70396343629731,0,1,1,3,0,7,64,Female,60140,1,CUST0040,0
997.7779129801725,47.893368326339456,1,4,1,1,0,3,19,Female,100520,1,CUST0041,0
788.9406997611549,167.80524848235282,1,5,0,1,0,17,28,Male,38565,4,CUST0042,0
394.00205697602354,125.18522658289064,1,0,1,2,1,23,20,Female,56107,5,CUST0043,0
821.5885015732397,81.28180748976128,1,3,0,0,1,21,34,Male,102016,3,CUST0044,0
811.1713983911096,163.11122855202618,1,3,0,3,0,7,42,Male,109653,5,CUST0045,0
371.73916688944286,69.14218201586564,1,0,0,1,0,19,59,Male,101120,1,CUST0046,0
,82.85408149550553,0,4,0,3,1,17,42,Female,99177,1,CUST0047,1
455.17975932360577,,1,3,2,1,0,4,53,Male,110505,2,CUST0048,0
944.5542393864961,150.99985392389078,1,5,0,1,0,12,32,Male,50926,4,CUST0049,0
362.1519505040196,,1,3,2,0,1,20,58,Female,73835,4,CUST0050,1
916.4504987985268,36.167691742638986,1,3,1,0,1,9,68,Male,72518,2,CUST0051,1
15.816765310421754,11.219586891637622,1,0,1,1,1,1,68,Female,77713,1,CUST0052,0
371.42874554628327,124.99033564291646,1,5,1,3,0,19,48,Female,39273,1,CUST0053,0
544.3801946332228,58.561585104297585,1,3,2,3,1,8,59,Female,105779,3,CUST0054,0
962.5863135415632,,1,2,1,1,0,2,40,Female,71422,5,CUST0055,0
264.8302551768411,64.99113967414783,0,2,0,0,1,9,42,Female,84703,5,CUST0056,0
524.3106505206708,,0,0,2,3,0,1,36,Male,96112,4,CUST0057,0
,190.4228060986702,0,0,0,1,1,4,53,Male,102894,1,CUST0058,0
339.6887112061511,,1,1,1,3,1,15,62,Male,100494,4,CUST0059,0
114.99171442216661,5.490979811621677,0,3,1,0,1,18,18,Female,80835,2,CUST0060,0
798.1709227678148,,1,3,2,0,1,20,33,Female,87135,5,CUST0061,0
666.0444073691618,78.13774485234278,1,4,1,0,0,14,25,Female,43689,2,CUST0062,0
181.43850657224482,1.1186884504377215,1,5,1,2,0,10,45,Male,66853,2,CUST0063,0
,187.01531874791462,1,1,2,2,0,23,41,Male,66518,3,CUST0064,0
193.08561524495826,97.69161359639628,1,0,2,1,0,2,21,Male,83490,5,CUST0065,1
250.93665902168027,116.00960071681719,0,5,0,3,0,4,40,Male,32046,1,CUST0066,0
,35.137860712969186,1,4,1,0,0,17,35,Female,102614,2,CUST0067,0
430.56703499432115,66.05803702815993,1,0,2,2,1,4,32,Male,75824,5,CUST0068,0
913.7186613044469,147.1550416218371,1,2,1,0,0,7,63,Male,93593,1,CUST0069,0
409.13207385408754,1.8238550793018282,1,5,0,2,0,19,35,Female,38107,5,CUST0070,0
,29.92104710852159,1,2,2,1,1,4,51,Female,73899,3,CUST0071,0
988.9811336793906,8.364069950920916,0,0,2,0,0,10,60,Male,106371,5,CUST0072,0
56.46258771600743,88.82823209350666,1,2,1,2,1,10,65,Male,106654,5,CUST0073,0
251.23840212426342,35.380347811194014,1,2,1,1,0,3,59,Male,73111,3,CUST0074,0
898.911901090533,,0,4,2,2,1,6,25,Male,98171,2,CUST0075,0
129.06673036839265,,1,0,2,2,0,22,29,Female,94531,2,CUST0076,1
546.3738677884044,,0,4,0,1,1,15,57,Female,107473,4,CUST0077,1
568.2896245694204,75.77950335533214,1,5,2,0,1,14,30,Female,45635,4,CUST0078,0
885.1842730190116,16.535758089099573,1,1,2,0,1,24,41,Female,90042,4,CUST0079,1
936.2635491051575,141.35116060324265,1,2,1,1,1,4,18,Female,57595,2,CUST0080,0
524.2703791637103,89.12307350915773,1,0,2,1,1,13,28,Male,71848,1,CUST0081,0
615.4695822869044,107.3259751490966,1,4,1,1,0,3,29,Female,35625,6,CUST0082,0
405.7042397556515,,1,5,2,3,1,7,33,Female,89828,4,CUST0083,0
116.28240154529279,77.89702963705795,0,2,2,1,0,8,51,Female,72782,4,CUST0084,1
933.1312394529365,,1,1,2,1,1,17,62,Male,76913,1,CUST0085,0
191.02621341071546,7.069624250111306,1,3,0,3,1,23,33,Female,43761,1,CUST0086,0
479.824160375532,125.13130547140452,1,1,0,2,0,18,38,Male,79820,3,CUST0087,0
554.5778725520169,10.99014814506598,1,1,0,0,1,3,55,Male,45404,5,CUST0088,0
338.58632589507573,107.283783201009,1,2,0,3,1,18,44,Male,58497,5,CUST0089,0
755.6803367713911,10.119507709322795,1,3,2,3,0,11,32,Female,58429,2,CUST0090,0
701.5097722511391,148.75475618026488,1,2,0,3,0,8,33,Male,48563,2,CUST0091,0
221.20904359550298,11.506569024619594,1,0,1,3,1,21,66,Male,67947,3,CUST0092,0
455.99220706924604,190.30913600952186,0,2,0,1,1,5,40,Male,44665,4,CUST0093,0
886.5348742808432,91.2558391148735,1,0,2,0,0,10,52,Male,109675,1,CUST0094,0
,,1,4,1,0,0,3,42,Male,51657,2,CUST0095,0
233.06186359066982,32.18097548124179,1,2,2,3,0,20,45,Male,57345,3,CUST0096,0
255.62262137414749,98.65815340062886,1,1,2,0,0,22,61,Male,69101,4,CUST0097,0
487.89705632142653,118.33436881695589,1,2,2,0,0,9,41,Male,48842,2,CUST0098,0
839.9992901619358,9.92768341896384,1,2,2,2,1,15,21,Female,35356,1,CUST0099,0
224.96079317664075,,0,1,2,3,1,20,59,Male,105457,3,CUST0100,0
167.3226119579282,78.40145893899854,1,1,2,3,1,10,23,Male,104024,3,CUST0101,0
344.2632367588189,,0,1,1,3,1,5,31,Female,41797,3,CUST0102,0
59.270449706428586,71.59225533978932,1,5,1,3,1,15,20,Female,62535,1,CUST0103,1
893.6655637411507,82.45848915631844,0,0,1,3,1,12,38,Male,60130,3,CUST0104,0
481.5735394270737,11.952538697025727,1,0,2,0,1,18,51,Male,39117,1,CUST0105,0
894.202176603888,74.68961949783863,0,3,0,0,0,23,55,Male,111221,4,CUST0106,0
601.9069409818293,,1,5,1,1,0,22,19,Male,72633,1,CUST0107,0
750.7847329555898,156.87920436976944,1,2,0,3,1,19,61,Male,91937,2,CUST0108,0
214.0496725975032,42.95987452313448,1,5,0,2,1,5,24,Female,41151,1,CUST0109,1
,192.75566786094677,1,1,2,3,1,14,52,Female,68612,3,CUST0110,0
479.82640868015716,,0,0,2,2,1,22,40,Female,82282,4,CUST0111,0
651.3238992837752,114.58311234659769,1,3,1,3,1,23,37,Male,92383,5,CUST0112,0
161.49932289683332,,0,3,1,0,0,1,50,Female,63555,4,CUST0113,0
117.64807183872395,129.01839007582072,0,1,1,2,0,15,42,Female,40118,1,CUST0114,1
702.1096410811219,191.6860743614475,1,5,1,2,1,1,54,Female,104132,3,CUST0115,0
109.24523718762835,197.26074568873472,1,-1,2,3,0,14,61,Male,112876,1,CUST0116,0
486.7521930621336,6.16666145684186,1,3,2,0,1,6,21,Male,85870,5,CUST0117,0
58.8547596676583,106.23599532868721,1,4,0,2,1,1,53,Female,77123,3,CUST0118,0
71.95668198793493,97.59096488350735,1,1,0,0,1,14,24,Male,85860,2,CUST0119,0
833.4612663184184,169.8131493737745,1,2,2,2,0,2,35,Male,109997,2,CUST0120,0
636.8868824317962,,1,4,1,3,1,17,33,Female,84922,3,CUST0121,0
154.6900191742966,128.90418206096012,1,1,2,1,0,4,28,Male,65109,5,CUST0122,0
41.40616241837891,108.0435865390988,1,3,2,0,0,9,30,Male,82639,3,CUST0123,0
,9.576133094729112,1,3,1,1,1,20,19,Female,102565,5,CUST0124,0
,166.71762170949123,1,2,2,2,0,19,62,Female,116661,5,CUST0125,0
517.8711420425337,20.754448437234174,1,0,2,1,1,16,69,Male,86401,3,CUST0126,0
677.8613363644093,151.2770052211342,1,5,0,3,1,11,67,Male,82739,3,CUST0127,0
271.8280162509711,80.47518764862369,0,5,0,1,0,22,41,Female,97184,1,CUST0128,0
948.9175627989805,,1,2,0,2,0,17,57,Female,53431,2,CUST0129,0
935.088148781398,,0,0,0,3,0,1,53,Male,93976,2,CUST0130,0
30.8306973357626,12.93697150768558,1,4,1,3,1,15,23,Male,93796,3,CUST0131,0
535.2143048228306,174.30822226643946,1,5,2,2,1,2,57,Male,97794,1,CUST0132,0
564.6255809312516,,1,4,2,0,1,2,45,Female,82277,4,CUST0133,0
286.0025859911093,39.79133323116755,1,3,0,1,1,6,42,Male,38397,1,CUST0134,0
264.1905178892867,6.618160292551223,0,2,2,2,0,9,38,Male,58067,1,CUST0135,0
347.8206214099082,63.89356590528719,1,1,2,3,1,18,29,Male,30769,2,CUST0136,0
467.9233326644869,,0,5,0,0,1,5,65,Male,89479,1,CUST0137,0
,81.59843509447077,1,1,1,0,1,23,57,Female,109706,1,CUST0138,0
606.5474073447574,,1,5,2,1,1,22,60,Female,104690,5,CUST0139,0
909.0623730588671,164.39075052137645,1,1,1,2,0,8,31,Female,73447,5,CUST0140,0
729.3743906881258,117.99821498840586,1,1,2,3,1,15,61,Male,64221,4,CUST0141,0
,136.65446094207928,1,5,2,2,0,14,38,Male,46036,1,CUST0142,0
,114.3005183378895,1,3,0,2,1,3,38,Female,65856,3,CUST0143,0
644.082030542834,165.1698106386845,1,5,2,2,1,21,44,Female,59215,1,CUST0144,0
653.7837143796404,87.70829899740727,1,1,0,1,1,17,68,Female,52584,5,CUST0145,1
636.1674925525505,64.92342846088202,1,3,0,1,1,23,66,Female,60922,2,CUST0146,0
103.43278837957325,116.09929290795777,0,1,1,3,1,15,55,Male,106321,4,CUST0147,0
351.7449792464549,81.87204619940691,1,3,1,0,0,22,42,Male,89499,4,CUST0148,0
172.88481022494085,92.65956512704004,1,2,0,0,0,15,24,Male,28626,2,CUST0149,0
475.21057985991854,100.85893231293338,0,3,2,1,1,5,28,Female,33330,1,CUST0150,0
492.6576736086932,93.76628473467127,1,3,2,0,1,23,28,Female,30956,4,CUST0151,1
19.403345868138523,53.69823799184381,1,5,2,1,1,1,43,Male,90355,1,CUST0152,0
767.5442922105505,79.53239106271484,0,5,0,3,1,13,42,Female,67984,3,CUST0153,0
227.52786700785998,190.7018393722895,1,5,2,2,1,4,25,Female,66287,2,CUST0154,0
932.4743933273699,82.91267763369785,0,3,2,2,0,11,43,Female,76936,1,CUST0155,0
,38.88530062054085,1,4,2,2,1,16,59,Female,112567,3,CUST0156,0
907.1782069338044,8.051837159426146,1,3,1,1,0,17,25,Male,103178,5,CUST0157,0
822.7448932617523,107.03765573035602,1,2,2,0,0,1,31,Male,99617,3,CUST0158,0
547.4684445773191,,0,0,1,2,0,11,41,Female,98158,3,CUST0159,0
600.1829073455115,101.87057544628033,1,4,1,1,0,13,68,Male,106124,4,CUST0160,0
419.24448751025324,128.80529960457628,1,3,0,1,0,5,27,Female,52956,1,CUST0161,0
396.0933911798651,70.70525073437419,0,5,2,1,1,2,61,Female,67029,3,CUST0162,0
263.40450662656747,13.67822985673075,1,2,2,1,1,5,67,Female,107884,1,CUST0163,0
135.26359026508993,83.95187075242076,1,1,2,3,1,16,65,Female,45147,4,CUST0164,1
,103.31876524322558,1,5,2,3,0,7,39,Male,74426,4,CUST0165,0
608.5656116063337,151.90680194756675,1,4,2,1,0,17,32,Male,86378,3,CUST0166,0
,184.41868675807117,0,1,2,2,1,1,67,Male,117794,2,CUST0167,1
263.2404943710138,144.66124028109596,1,2,2,1,1,14,20,Female,85468,5,CUST0168,0
317.86545292510004,119.20723965159208,1,5,2,3,0,9,52,Female,45266,5,CUST0169,0
459.1934190711999,30.40765297195671,1,4,2,3,1,5,54,Male,89227,1,CUST0170,0
261.06750026008854,,1,5,2,2,0,18,46,Female,62478,3,CUST0171,0
602.0735993538042,57.12550023693619,0,3,1,0,0,8,22,Male,47856,1,CUST0172,0
617.7900334751774,30.37185349890428,0,0,1,1,0,5,44,Female,36362,2,CUST0173,0
267.26086838691344,,0,0,1,1,0,15,61,Female,113761,1,CUST0174,0
,173.70949634914655,1,3,1,3,1,5,19,Female,104329,5,CUST0175,0
337.03701099245467,181.19478840241158,1,2,0,0,0,21,39,Male,45683,4,CUST0176,0
304.42465518646844,190.83206532373453,1,1,0,0,0,2,38,Male,92981,3,CUST0177,0
629.8087672063002,17.31282026109926,0,2,2,3,0,1,27,Male,37846,4,CUST0178,0
283.1101525350641,20.835143874596305,1,4,2,3,1,24,33,Male,106996,3,CUST0179,0
,,1,0,2,3,1,23,23,Male,91999,5,CUST0180,0
884.6891154508415,191.79883783316927,1,5,2,0,1,19,67,Male,60641,4,CUST0181,0
336.83663143859167,38.136360651235314,1,0,0,1,0,6,55,Female,67751,2,CUST0182,0
504.6760974712746,138.44566188776614,1,3,0,2,1,1,56,Female,96548,1,CUST0183,0
892.8878105959037,45.18784661746415,0,3,2,3,0,13,25,Male,100680,4,CUST0184,0
,157.30480691785527,1,4,0,0,1,11,63,Female,88848,1,CUST0185,0
825.0865451925569,,1,0,2,0,0,23,48,Female,55578,3,CUST0186,0
,111.31876956518312,1,1,1,1,1,21,18,Female,94957,1,CUST0187,0
587.7515493671217,117.52207596755224,0,4,0,0,1,3,43,Female,108528,3,CUST0188,0
427.32151552247035,196.2328315218195,1,4,1,2,1,10,50,Female,84992,1,CUST0189,1
939.3538174180275,51.92178974254331,1,2,2,0,1,23,68,Female,82373,4,CUST0190,1
,108.62487408433034,0,3,0,2,1,2,43,Female,36070,2,CUST0191,1
,113.58535909686498,1,2,1,3,0,21,25,Male,60269,1,CUST0192,0
,,1,4,1,0,1,4,29,Male,86670,1,CUST0193,0
,,1,3,0,3,1,22,23,Male,59592,1,CUST0194,0
860.9204625548246,,1,0,2,0,0,21,35,Female,51549,6,CUST0195,0
46.09847118503918,82.98199467464231,1,2,0,0,1,24,37,Male,80476,2,CUST0196,0
,196.10554633087207,1,2,0,1,0,20,52,Female,44644,2,CUST0197,0
298.5345049108677,42.72464594661574,1,2,0,3,0,18,62,Male,84316,5,CUST0198,0
692.2684520823021,91.10318278300042,0,6,0,2,1,21,44,Female,75050,4,CUST0199,0
511.81518700935135,15.656900413872421,1,2,1,0,0,7,56,Male,42731,8,CUST0200,0
933.1391599093025,24.674497909377855,1,3,2,2,0,18,31,Female,78887,5,CUST0201,0
336.358098702205,105.00909490433747,1,1,2,2,0,4,49,Female,45864,5,CUST0202,0
695.0984556046648,99.90426256362043,1,3,1,3,1,9,47,Male,65913,2,CUST0203,0
38.73038642266291,152.96016124699003,0,4,0,1,1,23,68,Male,97809,1,CUST0204,0
680.9897566373764,47.050516997704776,0,1,0,0,1,21,54,Male,38906,5,CUST0205,0
419.22730986200094,,1,2,1,1,1,15,61,Female,79323,1,CUST0206,0
851.7454663542967,48.27482825108606,1,0,2,0,0,7,62,Female,68297,4,CUST0207,1
616.566281310022,135.88731672347438,1,0,1,1,1,12,41,Female,111119,4,CUST0208,1
690.9602299457383,138.59508535806552,1,0,1,0,0,8,34,Male,95942,1,CUST0209,0
838.8548655626387,73.92004601378244,1,3,1,1,0,18,42,Female,41873,1,CUST0210,0
,93.62722584512564,0,4,0,3,0,14,20,Male,98881,4,CUST0211,0
987.2001006170142,,1,4,0,3,0,20,55,Male,107863,5,CUST0212,1
212.06876977680557,176.60189349013186,1,1,0,0,0,13,68,Male,84410,5,CUST0213,0
187.8371790567336,113.97569691387703,1,0,2,2,1,17,33,Female,44919,3,CUST0214,0
800.2715461386325,63.39179754332156,1,-1,0,0,1,2,59,Female,106657,3,CUST0215,0
423.28843281441544,171.65483352513743,0,1,0,0,1,2,22,Female,88416,2,CUST0216,0
199.46333150578477,119.52698448034016,1,2,0,3,0,10,55,Male,82355,1,CUST0217,0
182.65851635396723,171.1824179073594,1,0,2,2,0,19,63,Male,93461,5,CUST0218,0
149.62387878390737,137.17468306936215,1,5,0,1,1,10,22,Female,75940,1,CUST0219,0
440.3859729681646,68.37120235941505,1,2,1,0,0,2,18,Female,104966,2,CUST0220,0
58.16517782004071,156.4655840293902,1,3,1,3,1,20,42,Male,88232,5,CUST0221,0
10.0131256539302,90.0513658634523,1,2,1,1,0,6,50,Male,67670,4,CUST0222,0
811.6652645619876,,1,1,0,2,0,6,20,Male,68345,4,CUST0223,0
558.3295121564806,136.1878566513371,0,2,0,1,1,24,24,Female,57547,5,CUST0224,0
257.3815735574375,118.0661117960576,0,3,0,3,1,17,22,Male,81928,5,CUST0225,0
84.82078486589894,,1,1,2,2,1,7,54,Male,58805,4,CUST0226,0
690.2954537908028,,1,0,0,3,1,1,57,Male,116513,1,CUST0227,0
804.7004519661423,87.6323051062563,0,5,1,2,1,22,65,Male,75603,5,CUST0228,0
473.21567900062746,185.94575023518644,1,0,1,0,0,18,45,Female,69810,4,CUST0229,0
813.4756917452307,197.3275039906103,1,5,0,1,1,2,62,Female,97659,2,CUST0230,0
898.6249884406709,162.75729840553424,1,4,1,3,1,20,42,Male,51995,3,CUST0231,0
438.0874681089708,126.07858338322437,1,4,0,3,1,20,32,Female,87295,1,CUST0232,0
933.1737264870037,154.01325948878656,1,0,1,2,1,9,48,Female,102021,1,CUST0233,0
156.21137106515047,164.8791690784738,1,3,2,3,1,18,52,Female,112337,5,CUST0234,0
651.1501738782521,47.21620670473297,1,5,1,3,1,10,69,Male,112787,5,CUST0235,1
434.57483002556876,80.03138672194746,1,3,0,0,0,5,30,Male,101366,1,CUST0236,1
95.7318984771357,184.44062597001093,0,0,1,3,0,23,36,Female,106862,4,CUST0237,0
930.6427618932016,54.617783631723405,0,3,2,2,1,14,31,Male,71983,2,CUST0238,0
788.2347764549595,171.57660850576954,1,1,1,0,0,17,57,Male,91590,5,CUST0239,0
546.6913693519733,114.57701614259564,1,2,0,1,1,5,37,Male,97744,3,CUST0240,0
,135.88522665833185,1,5,2,0,1,22,69,Male,71664,2,CUST0241,0
479.7834723931915,161.7160011835025,1,1,1,1,1,5,55,Female,64536,2,CUST0242,1
585.5991219239785,181.07705819445783,1,1,1,2,1,16,69,Male,52013,3,CUST0243,0
202.57109268184203,126.37081006534692,1,3,0,1,0,20,38,Female,32441,5,CUST0244,0
488.86527906145517,124.58155496317968,0,0,1,3,0,5,32,Male,55526,1,CUST0245,0
,146.10301305398247,1,0,1,0,0,13,46,Male,71018,1,CUST0246,0
,35.753768248695536,1,0,0,1,0,2,44,Male,60843,2,CUST0247,0
440.3229129658809,125.53874600165595,1,2,1,1,0,18,44,Female,45550,2,CUST0248,0
424.42586318537155,153.64321778164305,1,5,2,1,0,8,65,Female,105349,2,CUST0249,0
968.1898608427072,26.936370831275823,1,0,0,2,0,1,58,Male,70010,2,CUST0250,0
947.2985698473346,37.954734712789914,0,0,2,0,0,4,24,Male,60482,3,CUST0251,0
736.2758288565891,127.20102931760418,1,4,2,3,0,20,58,Male,73613,5,CUST0252,0
743.5799971658219,68.11421888308529,1,4,2,2,1,19,62,Female,111895,1,CUST0253,1
894.6090338908473,123.9073608934512,1,4,0,1,0,16,54,Female,93872,1,CUST0254,0
965.6243289055382,92.96806611821584,0,3,1,2,0,17,64,Female,57991,3,CUST0255,0
,90.16423555845388,1,0,1,2,1,18,49,Male,61283,4,CUST0256,0
23.735775658753177,89.3315496592494,1,4,0,2,0,18,53,Female,63018,1,CUST0257,0
675.8098111624289,67.9561471174026,1,-1,0,0,0,22,52,Female,78636,3,CUST0258,0
956.4530631981283,83.54768162492961,0,1,2,2,0,23,36,Male,46296,2,CUST0259,0
,7.159929040158164,1,5,1,1,0,24,58,Female,43221,1,CUST0260,0
548.18777682159,63.304349653157786,1,2,1,0,1,4,45,Female,56248,4,CUST0261,0
996.5446218999311,,0,0,2,2,0,3,24,Male,50201,3,CUST0262,0
558.1866302872864,115.38878189016835,1,3,1,1,1,5,37,Female,94896,3,CUST0263,0
326.1372808411013,127.47140336190579,1,4,0,0,1,9,63,Female,66894,1,CUST0264,0
753.496016543145,,1,3,2,3,1,14,66,Male,100057,2,CUST0265,0
,,1,1,2,3,0,1,57,Female,96403,5,CUST0266,0
,172.9171906117837,1,5,0,2,0,1,67,Female,119537,1,CUST0267,0
,162.70213648720465,1,0,0,0,1,11,41,Male,54378,1,CUST0268,0
584.4129744721184,114.65519793019459,1,4,0,1,0,23,46,Female,104437,4,CUST0269,0
761.1810365732555,91.23574939951398,1,5,0,2,1,20,31,Female,101770,5,CUST0270,0
764.3103600440731,166.36041667901358,1,1,2,1,1,15,44,Female,104351,2,CUST0271,0
,156.47327475692788,1,0,0,1,1,2,52,Female,89164,3,CUST0272,0
967.2333065566614,,1,2,1,1,0,19,55,Male,81081,3,CUST0273,0
,67.60562612443195,1,0,0,0,0,3,22,Female,56692,3,CUST0274,0
,122.82464964509026,1,5,0,3,0,20,34,Female,52209,1,CUST0275,0
566.9947962978886,13.339011878450059,1,1,0,0,0,8,55,Male,113719,4,CUST0276,0
808.5090309577369,37.19041765280937,1,2,2,1,0,14,29,Female,60747,5,CUST0277,0
901.9226888185331,186.24322544385157,1,4,2,3,0,8,21,Female,95459,5,CUST0278,0
830.0024318615276,184.38830785217425,1,0,0,1,0,17,30,Male,42438,1,CUST0279,0
591.4332261343604,75.13456118323619,0,2,2,1,0,10,24,Male,75333,2,CUST0280,0
69.5348575812338,,1,0,1,1,0,6,69,Female,120525,2,CUST0281,0
729.2359499335364,172.79709279906012,1,2,1,0,1,8,54,Female,45835,5,CUST0282,0
760.1157896707358,,1,1,1,2,1,13,61,Male,110772,5,CUST0283,0
,195.90179392820613,0,3,1,2,0,24,54,Male,42265,1,CUST0284,0
314.8310733314628,77.94632570325616,1,5,2,2,1,22,61,Male,46219,5,CUST0285,0
84.45587389612041,154.9084842608885,1,0,1,0,1,24,50,Female,89679,4,CUST0286,0
406.6688520297084,124.58154026926182,0,2,2,2,0,8,32,Male,34848,2,CUST0287,0
,19.7054941224744,1,2,2,3,0,7,36,Male,88756,4,CUST0288,0
170.00591832743638,149.250895619782,1,2,0,1,1,20,42,Female,97266,1,CUST0289,1
601.2205949055062,42.40213381340716,0,1,0,2,0,14,35,Female,59460,3,CUST0290,0
,50.24857171428434,1,3,1,0,1,21,35,Female,75678,1,CUST0291,0
879.6442803596321,181.64265624722412,1,0,0,0,0,18,62,Male,117246,1,CUST0292,0
865.7484253947971,77.75759512190248,1,2,1,2,0,15,48,Male,87111,3,CUST0293,0
661.7117400540117,165.73279134286403,1,4,1,0,0,5,68,Male,117969,5,CUST0294,1
688.7955847846073,75.16522519521473,1,0,0,2,0,19,58,Male,98242,4,CUST0295,0
114.92192880917318,41.3949526675414,1,0,0,2,1,1,50,Female,57938,5,CUST0296,0
220.04795049235472,39.308462112928396,1,2,1,0,1,15,62,Male,68524,2,CUST0297,0
964.7294645765265,84.21900158715209,1,4,2,2,0,22,66,Male,109182,4,CUST0298,1
999.1418789454499,75.43875110987742,1,3,0,1,0,10,20,Female,54854,2,CUST0299,0
,53.66196250427926,1,2,2,3,0,24,20,Female,72101,2,CUST0300,0
762.8006150254155,72.42659252214514,1,1,2,2,1,15,19,Female,45979,2,CUST0301,0
631.1369379524929,28.410146425767245,1,0,0,0,1,13,68,Female,80567,2,CUST0302,0
31.665991308545415,2.9839597936011764,0,0,1,2,0,15,21,Male,92582,5,CUST0303,0
578.6489268256641,,1,0,2,0,0,14,62,Male,107372,3,CUST0304,0
591.5830172780554,197.54277189785202,1,1,1,2,1,10,29,Female,44230,2,CUST0305,0
337.0819998504264,53.619587173548844,1,2,0,2,0,1,24,Male,51957,2,CUST0306,0
920.9118319236981,54.788722611002385,1,5,0,1,0,13,44,Female,110124,1,CUST0307,0
994.686420570658,195.8742069488998,1,3,0,2,1,17,62,Male,102292,1,CUST0308,0
925.344926527975,141.78357894950938,1,2,2,1,0,16,52,Male,58820,1,CUST0309,0
5.084995806590054,190.45087003901403,0,4,2,1,1,17,64,Female,88402,2,CUST0310,0
239.56121940141085,33.4823001295226,1,1,1,2,1,11,27,Male,86834,2,CUST0311,0
,15.961087993761902,1,3,0,1,0,16,18,Male,61161,5,CUST0312,0
784.2050571429197,40.985011874042954,1,3,0,0,0,12,48,Male,107920,2,CUST0313,0
114.06021277371448,138.66771714671975,1,4,0,2,0,24,62,Male,80473,5,CUST0314,0
561.4023079162052,,1,4,1,2,1,14,26,Male,97447,1,CUST0315,0
225.03980342089625,4.730917532857815,1,1,1,3,0,16,42,Male,34742,4,CUST0316,0
405.9586156509703,108.07472331193226,1,2,0,0,0,23,46,Male,91236,1,CUST0317,0
937.8824742888935,7.685133531729171,1,0,2,0,0,16,51,Male,59525,3,CUST0318,0
358.97743254008776,188.53242318340978,1,0,2,0,1,11,69,Female,91914,3,CUST0319,0
618.6009772039582,66.91437652719137,0,3,0,3,1,2,69,Female,104828,2,CUST0320,0
189.0273983194698,158.85174401028777,1,4,2,2,0,3,21,Female,83440,5,CUST0321,0
76.67084675081992,40.549776461790785,0,3,0,0,1,5,56,Female,46123,2,CUST0322,0
,80.3353120695284,1,0,0,0,1,16,44,Male,42203,1,CUST0323,0
991.8910088786682,138.5086057819956,1,5,0,2,0,23,57,Female,38174,4,CUST0324,0
25.87605489838374,,0,3,0,2,1,17,51,Female,90070,3,CUST0325,0
479.08642179537753,176.5666893856338,1,2,0,2,1,16,61,Female,47356,3,CUST0326,0
53.63057485196687,149.1564132790926,1,2,1,1,1,10,38,Male,52524,4,CUST0327,0
,69.72189510875111,0,0,1,3,0,22,18,Female,65613,2,CUST0328,0
774.4504946102451,79.5062919891166,1,1,2,0,0,12,38,Female,78159,4,CUST0329,1
457.02431554336664,,1,4,0,1,1,23,52,Female,78824,3,CUST0330,0
210.38597285001282,99.48916353165617,1,0,0,1,1,3,50,Male,85682,3,CUST0331,0
571.4602038595775,44.19221704920098,1,3,2,3,0,19,25,Female,90640,2,CUST0332,0
,,1,4,2,3,1,2,57,Female,105837,2,CUST0333,0
848.2960917501947,,1,2,2,2,0,2,51,Female,96773,2,CUST0334,0
780.3616503811716,,1,5,1,0,1,20,49,Female,79011,2,CUST0335,0
580.4464591363943,,1,3,2,1,0,9,67,Male,70239,4,CUST0336,0
419.7892986842928,58.12787359727205,0,4,1,2,1,9,41,Male,106460,5,CUST0337,0
845.8820219843321,192.77992901680153,1,2,1,3,1,3,44,Female,96401,2,CUST0338,1
677.6639685854434,185.27998865694252,1,0,1,1,1,22,63,Male,86891,3,CUST0339,0
677.0676475797036,,1,4,1,0,1,4,20,Female,71532,2,CUST0340,1
687.2761562436539,102.1817241855987,1,2,1,2,0,13,49,Male,113333,4,CUST0341,1
120.72291736714591,46.83037378219945,1,5,1,1,0,10,59,Female,73718,4,CUST0342,0
584.0273257134238,166.71813184595382,1,2,0,3,1,17,66,Male,51842,3,CUST0343,0
356.17495146672053,114.73139582413319,0,5,1,2,0,22,22,Male,36563,3,CUST0344,0
400.3069295252476,167.96367749534144,0,3,2,3,0,2,54,Male,98523,4,CUST0345,0
550.7447589466888,79.60239997638993,1,5,1,0,1,19,22,Female,100989,2,CUST0346,0
996.2512710753374,,0,5,2,3,0,1,43,Female,72453,3,CUST0347,0
905.247110784191,88.83525422944729,0,0,0,1,1,4,60,Female,74995,4,CUST0348,0
995.595998235189,95.76005637382721,1,1,2,0,0,19,68,Male,50288,2,CUST0349,1
,,1,2,0,2,0,22,41,Male,110874,3,CUST0350,0
121.59031127646591,,1,5,1,3,0,5,63,Male,117090,8,CUST0351,0
,102.86232446802637,1,4,1,2,1,14,38,Male,99572,5,CUST0352,0
228.71808962930695,179.87034730597557,1,3,0,3,1,15,37,Female,33734,4,CUST0353,0
998.377202988598,,0,5,2,3,0,23,26,Male,77906,5,CUST0354,0
505.1400204419347,,1,3,2,2,1,21,32,Female,34548,4,CUST0355,0
776.3760529446192,25.60698994420647,1,5,0,0,1,14,67,Male,109467,1,CUST0356,0
,,0,0,0,2,0,23,20,Male,64752,3,CUST0357,0
971.4213539590166,61.75362323785534,1,4,1,2,1,1,44,Male,103386,5,CUST0358,0
92.2629053193822,78.80126034985011,1,5,0,2,1,3,21,Male,44477,3,CUST0359,0
89.13951721962698,89.26251950012237,1,3,1,1,0,15,35,Female,41305,1,CUST0360,0
760.8330954757553,123.42023041316885,1,4,2,3,0,4,62,Female,96429,1,CUST0361,0
14.472295753924724,175.32425572427186,1,3,2,1,1,13,48,Male,53743,1,CUST0362,1
873.8236781355154,33.21182355806273,1,1,1,0,1,20,66,Female,94772,2,CUST0363,0
510.82455770204496,3.360449312748348,0,4,2,1,0,17,61,Male,87230,3,CUST0364,0
257.9958346037867,165.9707279664913,1,4,1,0,1,16,43,Male,75069,1,CUST0365,1
,,1,2,1,0,0,20,38,Male,91758,1,CUST0366,0
739.8380014342366,2.9429159870343113,1,4,0,0,1,9,57,Male,39699,2,CUST0367,0
,12.025955829443525,1,5,0,1,1,17,38,Female,64092,3,CUST0368,0
740.5467430848354,148.35555109818384,0,5,0,0,0,7,59,Female,52327,7,CUST0369,0
303.4895249003553,,0,3,1,0,0,8,59,Male,44852,2,CUST0370,0
,42.47027206849874,1,2,1,0,0,8,52,Female,66846,3,CUST0371,0
,60.67404808833658,1,2,0,3,1,5,43,Male,70623,5,CUST0372,1
424.1798329698187,98.09043561644457,1,4,0,3,0,11,66,Female,93526,1,CUST0373,0
813.1798260505537,52.14761715913126,1,2,1,2,1,20,61,Male,96230,2,CUST0374,0
158.30224292701845,,0,4,0,2,0,23,49,Female,49765,4,CUST0375,0
,57.20540122935696,1,5,1,1,1,2,66,Male,84243,2,CUST0376,0
29.95313333176053,,1,2,2,3,1,20,32,Male,97203,3,CUST0377,0
980.3218800488344,,1,3,1,1,0,7,45,Male,80403,3,CUST0378,0
176.38633363262556,89.54672482881006,1,2,2,2,0,7,26,Male,84342,2,CUST0379,0
163.46118583405422,9.5214037523087,1,0,2,3,1,18,22,Female,48344,2,CUST0380,1
,,1,5,1,2,0,8,24,Female,56059,1,CUST0381,0
66.3214330868187,0.20337634883627054,1,4,2,1,0,16,63,Female,80630,5,CUST0382,0
872.073696568087,4.269587178780521,1,5,0,2,0,11,39,Male,106440,4,CUST0383,1
193.30301826234685,106.9828708839778,1,1,0,0,0,8,38,Female,80607,4,CUST0384,0
631.10184782412,,1,1,0,1,0,3,36,Female,95228,1,CUST0385,1
788.4450153838119,,1,5,2,0,1,11,34,Female,107183,3,CUST0386,1
499.02330368072825,,1,5,1,0,0,6,28,Female,80660,5,CUST0387,0
36.17955376928339,,0,1,1,3,0,17,67,Female,77808,1,CUST0388,0
316.72168081209975,101.81099997071237,1,5,1,0,0,21,48,Male,78594,5,CUST0389,0
608.7021508110918,156.64110643207147,1,1,0,0,1,1,25,Female,101929,3,CUST0390,1
370.3376018343314,178.0516545551899,1,4,1,0,0,17,51,Male,99470,2,CUST0391,0
,155.52114399095282,1,4,0,2,0,8,20,Female,70475,5,CUST0392,1
512.4087231200758,115.86815543507821,1,5,0,3,1,5,57,Male,56994,4,CUST0393,0
478.60228047636787,,1,2,0,2,0,20,64,Female,42545,1,CUST0394,0
243.95619070285613,89.67264097738237,0,2,0,0,0,24,35,Female,31221,2,CUST0395,0
950.5256107713182,136.67731975757656,1,1,1,1,1,19,53,Male,38343,4,CUST0396,0
562.9503288440931,,1,4,0,3,0,6,56,Male,58158,4,CUST0397,0
,82.72761266362352,1,5,0,2,1,14,38,Male,88801,2,CUST0398,0
366.76037071218224,84.2607309502061,0,2,2,0,1,23,21,Male,50738,1,CUST0399,0
,4.832459437428782,1,2,1,1,1,2,45,Male,99014,3,CUST0400,0
793.3501855540758,48.98521782620553,1,2,1,2,1,7,53,Female,106113,4,CUST0401,0
594.2107015032789,82.52366185862768,1,5,0,1,1,14,61,Female,58004,5,CUST0402,0
780.0698110231094,84.81318880722462,1,4,0,2,1,11,66,Female,47315,4,CUST0403,0
,183.1132432135765,1,0,2,2,1,1,44,Female,84960,4,CUST0404,0
,,1,1,0,3,1,7,26,Female,107725,4,CUST0405,0
744.2893226592614,98.90889049699199,0,2,0,3,0,1,67,Female,91975,5,CUST0406,0
674.3840456902881,,0,5,2,2,1,15,26,Male,37622,1,CUST0407,0
606.3408362560539,70.42678393083617,0,2,1,1,0,9,45,Female,78714,4,CUST0408,0
,,1,1,1,1,1,14,63,Male,93979,4,CUST0409,0
63.86316844475526,35.500443957145954,1,4,0,3,1,21,36,Male,69040,2,CUST0410,0
770.4851152669268,,0,5,2,0,1,24,55,Female,52721,4,CUST0411,1
,,1,3,0,3,0,7,23,Female,70025,4,CUST0412,0
236.98326989117413,158.65874851191825,1,1,1,3,1,21,69,Female,120423,3,CUST0413,0
986.8625100417665,28.420475939568558,1,1,1,3,0,19,66,Male,113889,3,CUST0414,0
145.64382465765934,144.5232593508768,1,2,2,1,0,3,57,Female,109840,2,CUST0415,0
449.4143366831359,97.39885053028074,1,3,2,1,1,2,39,Male,58285,1,CUST0416,0
,63.367339573985035,0,1,0,3,0,6,66,Female,90985,4,CUST0417,0
909.2142703918065,150.26227484095892,1,2,2,0,0,9,52,Female,42151,1,CUST0418,1
201.51247508214843,,0,3,1,2,0,24,48,Female,62909,4,CUST0419,0
,104.24025681546405,1,0,1,1,1,17,66,Male,62930,1,CUST0420,0
102.73969142422779,,1,5,1,0,1,8,43,Male,110537,5,CUST0421,0
262.71827219354515,143.17835363552024,1,0,1,2,1,16,62,Female,96121,4,CUST0422,0
497.2592951480622,180.91520242746202,1,5,2,3,1,2,41,Male,108278,3,CUST0423,0
855.737074575636,,1,1,2,0,0,6,22,Female,104918,1,CUST0424,1
30.97462207241697,58.96828840462221,1,2,1,2,1,10,38,Female,37878,2,CUST0425,0
493.1150990074975,25.861602874418633,1,3,0,2,0,11,61,Female,50984,5,CUST0426,0
,7.761319733804761,1,1,1,3,1,8,39,Female,69121,3,CUST0427,1
644.8191578429701,17.62580451517004,1,3,0,3,1,21,41,Female,98513,9,CUST0428,0
726.7311765585422,69.64018173195508,0,5,1,1,1,17,52,Male,56689,5,CUST0429,0
241.87142504389735,109.9969482680911,1,4,0,0,0,18,22,Female,77411,1,CUST0430,0
496.8961538374851,8.253900252245217,1,0,1,2,1,1,66,Female,96328,1,CUST0431,0
493.9997999379546,65.15399982702692,0,2,2,0,0,24,32,Male,41140,4,CUST0432,0
110.48236964388502,113.32133973441256,1,5,2,2,1,17,56,Male,92374,5,CUST0433,0
,107.64876889947206,1,0,1,3,1,17,55,Male,38074,4,CUST0434,0
637.8522066001449,191.33764330001114,1,4,1,1,1,6,23,Male,66884,5,CUST0435,0
358.6295795366511,162.55129282286362,1,0,1,0,0,22,36,Male,56530,5,CUST0436,0
77.85231336098309,,1,5,1,1,1,22,34,Male,64387,4,CUST0437,0
424.14196691443186,71.72956105741804,1,3,1,2,1,3,19,Female,71852,3,CUST0438,0
,101.41032012715961,0,5,0,0,1,24,68,Female,114858,4,CUST0439,0
463.86437084853117,127.29299216635029,0,4,2,1,0,17,46,Male,109339,2,CUST0440,0
277.84049307795345,166.36551161390375,1,0,1,0,0,20,42,Female,59575,2,CUST0441,0
953.9382459671765,6.379439089423755,1,4,2,3,0,23,65,Male,50293,2,CUST0442,0
9.281841207645636,113.71227467172285,1,0,1,2,1,19,52,Male,99375,4,CUST0443,0
850.0442731925772,108.15707285409479,1,2,2,2,0,13,54,Female,75229,3,CUST0444,0
566.4164702918849,49.92959262064127,1,5,2,3,0,14,62,Male,77941,2,CUST0445,0
520.9599290410905,20.54698307749332,1,-1,1,3,1,9,37,Female,40110,5,CUST0446,0
881.95495581624,,1,0,2,2,1,11,32,Female,65163,3,CUST0447,0
228.64648980893088,157.70219063792808,1,0,0,3,0,6,65,Female,97562,4,CUST0448,0
163.8348444686972,,1,1,1,1,1,11,27,Female,100043,1,CUST0449,0
,29.420129567132935,0,2,1,0,1,4,49,Male,83919,2,CUST0450,1
998.5318831568526,82.70205948714708,1,0,1,3,0,21,25,Female,95583,1,CUST0451,0
248.2786740047489,36.509778071252576,1,4,2,0,1,18,50,Female,61040,2,CUST0452,0
,18.849001166770595,1,2,1,2,0,18,18,Female,102687,1,CUST0453,0
816.5223283575348,40.61457914180868,1,3,1,0,1,13,65,Female,96677,1,CUST0454,0
980.6045264249377,146.20860296644506,1,4,0,2,1,6,43,Male,79627,3,CUST0455,0
,122.67171070178196,1,3,1,3,0,21,59,Male,40637,2,CUST0456,1
,26.229163847430257,1,5,0,3,0,2,65,Male,60144,2,CUST0457,0
74.6133574598521,149.52155349368635,1,0,0,1,1,21,22,Male,80740,2,CUST0458,0
655.4144993834896,119.16622775294205,1,2,1,3,0,12,19,Female,76189,1,CUST0459,0
397.01164194020976,151.1124571307136,1,3,0,1,0,8,35,Male,90952,4,CUST0460,0
660.204000044837,40.06013407736284,1,0,0,3,1,18,50,Male,60757,2,CUST0461,0
985.0024814179901,,1,1,0,2,0,1,27,Male,91215,5,CUST0462,0
269.9555976494131,94.11162695433659,0,5,2,1,0,15,23,Male,100613,2,CUST0463,0
531.8227011198313,,1,4,1,3,1,23,66,Female,65237,4,CUST0464,0
464.3406439253954,,1,3,0,2,0,20,56,Female,96940,3,CUST0465,1
555.2099939159541,121.71929089258381,1,2,1,3,0,15,56,Male,112013,5,CUST0466,0
525.5748330785584,42.01158459954022,1,1,0,1,1,14,30,Male,74974,5,CUST0467,0
572.3188968770863,162.61809286015855,1,5,2,0,1,3,58,Female,65979,4,CUST0468,0
,119.70516398503857,1,1,2,1,0,11,60,Female,107427,6,CUST0469,0
,33.45747039016756,1,5,1,0,0,17,29,Female,106455,5,CUST0470,0
263.02484971140706,,1,5,2,0,0,18,42,Female,74691,5,CUST0471,0
160.12913943077876,119.08076047366394,1,5,2,0,0,9,19,Male,85507,1,CUST0472,0
,122.91784108540276,1,0,1,2,1,7,20,Female,77409,5,CUST0473,0
719.4898521132772,49.07506410522349,1,0,1,1,1,11,66,Male,82402,4,CUST0474,0
956.0824686323933,67.25942473420857,1,5,0,3,0,1,22,Female,61149,5,CUST0475,0
220.03684046485017,19.14687064477154,1,4,1,2,1,13,60,Male,66784,3,CUST0476,1
,69.05956048130221,1,2,0,3,0,13,36,Male,84542,5,CUST0477,0
580.580822818996,,1,2,1,1,0,23,59,Female,56948,4,CUST0478,0
490.3943921865852,80.77941952488534,1,0,0,1,1,16,19,Female,30885,2,CUST0479,0
637.803402379092,17.496440801039228,1,3,2,2,0,4,68,Female,87498,4,CUST0480,0
,158.0986898330599,1,0,2,1,1,18,38,Male,36372,7,CUST0481,0
53.337510404909416,93.23654319491904,1,0,0,3,1,6,30,Male,99426,1,CUST0482,0
402.1547577405302,96.96779069104025,1,0,0,0,1,22,58,Male,109363,1,CUST0483,0
317.96959050408367,,1,1,1,3,1,8,39,Female,94932,3,CUST0484,0
464.9983565892761,193.4399949551423,1,1,2,0,0,16,34,Female,82429,1,CUST0485,0
427.9259447052933,,1,1,1,1,1,16,43,Female,92412,5,CUST0486,0
764.4966621609209,34.14269923316853,0,0,0,3,0,5,53,Female,63868,2,CUST0487,0
569.2966532769277,172.88386716819394,1,1,0,1,1,21,62,Female,78754,2,CUST0488,0
160.03844020394698,180.24468519381395,0,0,0,0,0,6,21,Male,64591,1,CUST0489,0
510.72689210230106,35.95947066347107,1,5,2,2,0,10,49,Male,89074,5,CUST0490,0
922.0077464640983,158.97214609052986,0,4,1,1,1,23,52,Male,53817,1,CUST0491,1
223.47986864236168,7.615383018912536,1,1,2,1,0,19,52,Female,108284,4,CUST0492,0
606.5262336239148,88.93357549836554,1,3,1,2,1,1,30,Female,65787,3,CUST0493,0
191.2083295261251,4.8658393496562535,1,4,0,3,0,9,60,Male,107395,4,CUST0494,0
436.0823469555195,,1,5,0,1,0,13,69,Female,42445,2,CUST0495,0
,185.75777924273456,1,2,1,3,1,22,62,Female,75501,4,CUST0496,0
,99.97803321554233,1,3,2,0,0,18,41,Female,50860,2,CUST0497,0
697.8244323180616,13.276197858102323,1,3,0,2,0,17,34,Female,88458,3,CUST0498,0
,92.42541203325538,1,1,2,2,0,13,30,Male,59947,3,CUST0499,1
885.1078282951112,18.71031265430283,1,1,2,2,1,24,20,Female,71503,2,CUST0500,0
246.08278298817177,188.11529336275692,1,0,1,2,0,20,54,Female,44436,5,CUST0501,0
346.9102933114341,5.367246985307483,1,2,1,2,1,11,29,Female,98632,1,CUST0502,0
,113.89358611006321,1,5,1,2,0,8,34,Female,72669,3,CUST0503,0
,16.324416925648812,1,3,2,0,0,23,34,Female,60076,3,CUST0504,0
786.4507854055134,67.1801499611127,1,1,0,0,0,21,25,Female,95116,1,CUST0505,1
892.8145604551041,145.07042987972346,1,3,1,3,0,12,31,Female,100948,3,CUST0506,0
613.0404785809744,121.8475084042019,0,3,2,1,0,4,58,Female,102398,3,CUST0507,0
751.4844969100608,62.478440257689826,1,0,1,3,1,14,57,Female,94329,5,CUST0508,0
274.93535210383436,16.21143986625149,0,4,1,2,1,20,31,Female,81862,4,CUST0509,0
86.35639698917808,185.2399713715459,0,0,2,1,0,23,35,Male,62954,6,CUST0510,0
985.5939280326609,120.27451783782045,1,5,2,2,1,16,49,Male,103517,1,CUST0511,0
,180.55226145080155,1,3,1,3,0,24,39,Male,87941,2,CUST0512,0
718.377659487242,145.34284938556368,1,3,1,0,1,14,32,Male,94699,1,CUST0513,0
90.93564167903601,79.99537582755518,1,5,1,2,1,24,33,Male,50515,3,CUST0514,0
312.2689989151239,182.4496662132274,0,5,1,2,0,23,46,Male,67505,4,CUST0515,0
440.7433165315057,,0,5,1,3,1,1,20,Female,71082,6,CUST0516,0
144.73882383284774,38.951916721499536,1,5,0,3,0,17,63,Male,104747,2,CUST0517,0
,132.35308861836273,1,2,1,0,1,17,69,Male,117986,4,CUST0518,0
7.9394775343761825,187.9272176597195,0,1,0,0,1,14,37,Male,71335,1,CUST0519,0
139.0607438856344,165.90843980232646,1,4,0,3,1,3,55,Female,44454,2,CUST0520,0
306.80332196122515,68.72910877707248,1,4,0,0,0,3,29,Male,60041,5,CUST0521,0
633.7109170934888,,1,5,0,3,0,1,52,Female,71006,1,CUST0522,0
730.9085547999745,82.2985412794067,1,5,1,0,0,5,35,Female,48067,4,CUST0523,0
,,1,1,2,2,0,8,44,Female,90312,5,CUST0524,0
748.4762779035182,157.0836548879062,1,2,1,2,1,13,37,Male,97334,4,CUST0525,0
,9.273554826019925,1,3,1,3,0,18,23,Female,41843,4,CUST0526,0
796.5030697421764,86.17045718977838,1,2,0,2,1,7,64,Female,74727,5,CUST0527,0
933.3350785946451,81.27601656835948,1,2,0,1,0,3,57,Male,48437,5,CUST0528,0
58.24316763524629,56.198970959618656,1,4,2,0,0,10,40,Female,42749,3,CUST0529,0
707.574640263717,20.47144788953268,1,1,0,0,0,18,48,Male,56238,4,CUST0530,0
96.92292513909662,106.0983501843403,0,5,1,2,0,6,24,Female,103727,1,CUST0531,0
167.2771836622805,97.81461763343073,0,2,1,2,1,5,66,Female,47156,4,CUST0532,0
742.0505233210696,120.54182933180859,0,1,1,2,1,24,21,Female,76693,2,CUST0533,0
133.15979833911186,120.11594794062455,1,3,0,0,1,16,36,Male,42280,3,CUST0534,1
444.69288571625486,42.6296273092583,1,4,2,0,1,23,45,Male,80058,3,CUST0535,0
,128.91066310119777,1,5,1,2,1,7,40,Female,78278,4,CUST0536,0
546.4604384710046,,1,0,2,1,0,17,40,Male,108275,5,CUST0537,1
867.427411358555,157.49657341740232,1,4,2,0,1,6,63,Female,74069,5,CUST0538,0
704.2519438972079,137.3736587933945,1,5,1,1,0,14,21,Female,48813,5,CUST0539,0
347.09146933446453,112.28351585884468,1,1,1,0,1,22,49,Female,61213,3,CUST0540,0
105.69163385496894,95.58013185833327,0,4,2,2,0,5,66,Female,45817,4,CUST0541,0
,79.53600660091374,1,3,1,2,1,21,27,Male,36289,3,CUST0542,0
318.90605379952433,197.83394201339075,1,5,2,3,1,13,56,Female,62539,3,CUST0543,0
984.0267158915094,32.889469124629244,1,2,2,3,1,2,45,Male,93378,5,CUST0544,0
362.88588751091453,171.66120031592936,1,0,0,1,1,22,50,Female,102907,4,CUST0545,0
368.5810661143445,,1,1,2,3,0,9,25,Male,29511,5,CUST0546,0
,174.51911683549082,1,1,1,3,1,2,34,Female,72894,3,CUST0547,0
,44.314597089114535,1,0,1,0,0,1,52,Male,97798,3,CUST0548,0
491.8122719095617,196.9444368171634,1,4,1,0,0,19,39,Male,96066,2,CUST0549,0
,,1,0,2,1,1,10,52,Male,61367,4,CUST0550,1
,,0,1,1,2,0,15,61,Male,108593,2,CUST0551,0
539.7536694898197,186.1687618304148,1,5,0,0,1,7,54,Female,85885,3,CUST0552,0
39.90547613242368,160.5650249619668,1,4,1,1,0,9,35,Female,74143,1,CUST0553,0
589.8783434049574,,1,5,1,3,0,7,41,Male,76311,2,CUST0554,1
505.2758701781712,175.900490253032,1,1,2,3,1,15,66,Female,83923,4,CUST0555,0
,115.12030316351205,0,1,1,2,1,10,39,Female,111368,3,CUST0556,0
598.4979995562865,37.20462045814692,1,3,0,2,1,19,61,Male,107534,2,CUST0557,1
,110.54599462013748,0,3,2,2,1,21,54,Male,38380,4,CUST0558,1
56.888313358646634,199.3956101474196,0,2,2,2,0,13,59,Female,113083,4,CUST0559,0
,,1,0,2,0,0,19,21,Male,89575,6,CUST0560,0
539.4865069465933,194.201807014464,1,4,1,0,1,6,26,Female,71365,4,CUST0561,0
285.16590657057804,161.8653234949517,0,1,1,1,1,22,18,Male,95538,2,CUST0562,0
761.7426737425293,186.47045385918258,1,2,2,3,1,24,29,Male,41917,4,CUST0563,0
947.8005777785871,,1,0,0,3,0,7,21,Male,76905,1,CUST0564,0
156.37466171462478,146.54918961928539,1,4,0,0,1,18,21,Female,37194,2,CUST0565,1
921.897332166523,82.67587352240744,1,5,0,1,0,1,26,Female,79761,6,CUST0566,0
638.3667410850874,,0,4,1,1,0,6,35,Male,69127,3,CUST0567,0
,111.9285468409109,1,4,2,0,0,10,31,Female,43226,4,CUST0568,0
296.17133778485214,102.26105809145758,1,0,2,3,1,20,27,Female,83750,2,CUST0569,0
493.8296147187986,138.09397332292562,1,1,1,2,1,13,35,Female,40467,5,CUST0570,0
793.4543557493589,188.8855242092171,1,0,1,2,0,18,65,Male,114242,2,CUST0571,0
794.607440367641,116.9077460641984,1,0,0,0,1,22,43,Female,69296,4,CUST0572,0
,128.0076362302122,1,3,1,0,1,17,44,Male,41410,5,CUST0573,0
670.1051674894406,32.658816524219716,1,3,1,2,0,24,36,Male,61844,2,CUST0574,0
414.0506300677086,104.37476976646445,1,4,2,0,0,17,40,Female,60069,1,CUST0575,0
,,0,5,0,1,0,10,31,Female,86888,5,CUST0576,0
35.69113742148189,,1,3,2,0,0,14,24,Female,38470,4,CUST0577,0
896.8516166572821,27.00011056642586,0,5,2,1,0,5,18,Female,73824,5,CUST0578,0
732.8681688486499,0.9249710878080686,1,5,2,2,1,7,48,Male,40427,5,CUST0579,0
391.9183334111953,,0,1,2,0,1,16,37,Female,90030,4,CUST0580,0
,191.26251074486748,1,1,2,3,0,7,60,Female,81424,1,CUST0581,0
244.9484051393953,172.253762278349,1,3,0,2,0,20,40,Male,46540,4,CUST0582,0
,193.25891857921172,1,2,2,0,0,24,44,Male,69300,5,CUST0583,0
,18.33579748405827,1,4,1,0,1,8,58,Female,50377,4,CUST0584,0
929.8876889913879,,0,5,0,2,0,17,48,Female,65673,3,CUST0585,0
737.2479041243316,105.30352286335234,1,4,2,3,1,24,43,Male,101191,4,CUST0586,0
654.2462188736962,,1,4,1,1,0,9,67,Male,50660,1,CUST0587,0
,57.66563629776049,1,4,2,1,1,17,21,Male,57434,4,CUST0588,0
350.88739559983094,,1,1,1,0,0,19,59,Female,47952,3,CUST0589,0
,171.23945004972887,1,5,2,1,0,15,47,Female,105999,3,CUST0590,1
737.1773547018493,17.755864666701072,1,1,0,1,0,17,36,Male,32823,5,CUST0591,0
425.23267877273594,168.59918376017532,0,4,1,1,0,10,48,Male,109570,4,CUST0592,0
578.276090044263,119.49590263580525,1,2,0,1,1,15,31,Male,78826,4,CUST0593,0
,,1,0,0,3,0,11,60,Male,42726,4,CUST0594,0
,171.5451675476098,1,5,2,3,0,13,56,Female,76315,4,CUST0595,0
286.72369367042603,102.97936622010555,1,4,2,1,1,4,63,Female,61372,2,CUST0596,0
314.3768694458646,23.88034943215054,1,1,0,3,0,24,65,Male,82441,3,CUST0597,0
544.5631833500692,157.27206076353252,1,0,2,1,1,5,52,Female,50969,1,CUST0598,0
139.25342326962652,100.53263999782902,0,5,0,1,1,23,35,Female,100627,1,CUST0599,0
,95.35199414139952,1,5,2,3,1,23,22,Female,51211,8,CUST0600,0
,,0,5,2,0,0,2,35,Female,72651,4,CUST0601,0
984.7949729545365,45.31946967594145,0,0,2,1,1,1,39,Male,90361,4,CUST0602,0
391.7434559767986,38.078400748272955,1,0,2,2,1,13,52,Female,49188,4,CUST0603,0
170.27007333537358,147.53690823748138,1,2,2,0,1,14,33,Male,41258,5,CUST0604,0
947.9339418712852,98.72186952253337,1,1,2,1,1,23,69,Female,96845,4,CUST0605,0
,,0,0,1,1,0,24,64,Male,43203,4,CUST0606,0
,,1,5,2,1,1,8,61,Female,114037,3,CUST0607,1
999.4301956384147,31.71559375736861,1,5,2,1,1,15,69,Female,120226,4,CUST0608,0
459.6096964401406,31.56755931770523,1,1,0,2,1,21,30,Male,60667,1,CUST0609,0
445.41764354899937,85.86269314465468,0,2,2,1,0,1,63,Male,41008,4,CUST0610,0
304.55975186576165,152.90303415078233,0,1,1,2,0,4,64,Male,79108,2,CUST0611,0
,32.588779667322584,0,3,1,1,0,23,38,Female,77409,2,CUST0612,0
791.6592719969527,,1,0,2,0,0,14,50,Female,88246,2,CUST0613,0
,72.20275584448575,1,0,0,2,1,12,35,Female,104529,3,CUST0614,0
707.2962044481585,164.0889860434935,1,2,1,0,1,20,46,Female,105514,2,CUST0615,0
100.66720433949128,135.36039606112044,1,2,1,0,0,17,40,Female,79803,2,CUST0616,0
324.1518362414901,140.0710289038537,1,2,1,0,1,7,56,Male,90183,5,CUST0617,0
953.0184551555694,36.83586369495772,0,0,2,3,0,15,55,Female,37494,2,CUST0618,0
437.1338779306986,63.862029407774145,1,0,1,1,0,19,67,Female,112352,2,CUST0619,0
,158.6652704531519,0,3,1,1,1,19,61,Male,43016,4,CUST0620,0
,192.67487235571082,1,0,1,3,1,6,55,Female,98978,1,CUST0621,0
,129.76104654457495,1,1,1,1,1,8,55,Female,54640,1,CUST0622,0
915.710722667793,27.842422971995173,1,5,1,0,0,8,49,Female,105707,2,CUST0623,0
665.2873081740624,,1,0,0,3,1,21,37,Male,62166,4,CUST0624,0
,190.43427705918234,1,0,2,1,0,18,24,Female,102570,2,CUST0625,0
381.81549327174247,143.7800297166627,1,2,0,1,1,15,51,Male,79113,1,CUST0626,0
933.9576761809757,153.71996035145142,1,0,2,1,0,20,62,Male,115580,2,CUST0627,0
754.2400702549689,50.62144120358487,1,3,2,2,1,1,67,Female,105562,2,CUST0628,0
311.30687978829974,96.91636402779673,1,1,1,1,0,12,68,Female,83580,1,CUST0629,0
710.2876931561599,128.34400976932218,1,3,2,1,1,5,36,Male,91796,2,CUST0630,0
,20.038106333153394,1,4,0,2,1,18,20,Female,35910,5,CUST0631,0
,87.58263825099364,1,5,0,2,0,4,23,Male,28338,5,CUST0632,0
486.2058056178579,39.472588013064794,1,1,0,1,1,4,52,Female,104091,5,CUST0633,0
,,1,4,1,0,1,14,34,Male,100255,4,CUST0634,0
,188.02071291598722,1,0,0,0,1,5,53,Female,46672,1,CUST0635,0
,171.6614781732322,1,2,1,2,0,6,65,Male,84658,5,CUST0636,0
,95.69406989506817,1,3,0,2,0,22,59,Female,43500,4,CUST0637,0
578.0144271515643,,1,1,2,2,1,24,52,Male,100682,2,CUST0638,0
,,0,1,2,0,0,2,49,Female,83572,4,CUST0639,0
111.52987560174832,39.461018880361735,1,2,1,3,1,3,56,Male,59913,5,CUST0640,0
,,0,3,2,1,0,19,60,Male,61901,1,CUST0641,0
412.3320847365165,73.22845808079967,1,2,0,1,0,11,24,Male,91206,5,CUST0642,0
633.0706725051813,174.28797056313846,1,5,1,0,0,10,54,Male,72200,5,CUST0643,0
59.26294275150046,163.02650696183036,1,5,1,1,1,10,62,Male,45592,2,CUST0644,0
207.63935163272785,,1,4,0,3,0,1,35,Male,58665,5,CUST0645,0
268.5904256053597,,1,5,1,0,0,7,34,Female,72441,3,CUST0646,0
891.6590231083082,172.3439184293602,0,0,0,1,1,12,50,Female,78108,4,CUST0647,0
,,0,4,2,3,1,3,22,Female,59892,1,CUST0648,0
,131.8220595636194,1,2,2,2,1,20,51,Male,83187,5,CUST0649,0
154.03808027339338,66.74826030509928,0,0,0,2,0,2,57,Female,66648,4,CUST0650,0
442.01179833716265,164.32318169727716,1,3,0,0,1,17,63,Female,62852,2,CUST0651,0
277.04292347718916,67.99749887236979,1,1,1,0,1,2,39,Male,91574,4,CUST0652,0
734.3091719214304,184.95972165516378,1,2,0,2,1,18,28,Male,93482,1,CUST0653,0
45.90543015597437,165.54426658599226,0,2,1,0,0,8,34,Male,39144,2,CUST0654,1
341.24570559509414,135.37151781640063,1,1,2,0,1,15,56,Female,97051,1,CUST0655,0
962.1324131070772,26.87769403929199,1,1,0,0,1,9,40,Female,97878,4,CUST0656,0
295.28582089755315,154.0127276645269,1,1,2,1,1,3,19,Male,62673,3,CUST0657,0
734.7242564190686,153.52782477537858,1,5,1,0,1,19,49,Male,53648,3,CUST0658,0
959.9463829770466,173.48335596920057,0,3,0,0,1,14,24,Male,37769,2,CUST0659,0
205.0258130043715,72.47748255246323,1,0,0,2,1,8,32,Female,97366,4,CUST0660,0
566.086091311213,97.78545662580038,0,0,2,3,1,9,33,Male,51135,2,CUST0661,1
131.28056315356253,21.04192222036161,0,2,0,1,0,24,31,Male,99664,4,CUST0662,1
631.2593508344131,,1,3,1,1,0,24,65,Female,115519,5,CUST0663,0
359.07724163678955,,1,1,2,2,1,11,55,Female,94019,5,CUST0664,0
411.5223551946573,,1,-1,0,3,1,5,39,Male,39013,5,CUST0665,1
479.32518953622895,97.08773673832121,1,2,0,3,1,2,59,Male,72042,1,CUST0666,0
842.088503430268,,1,1,1,3,1,24,40,Male,59270,4,CUST0667,0
567.4560574118985,,0,3,2,1,1,7,39,Female,37736,3,CUST0668,0
,160.07445533593884,1,3,1,3,1,8,36,Male,90827,3,CUST0669,1
,,1,4,1,3,1,13,18,Female,62264,3,CUST0670,1
621.7982503725309,142.3322415467383,1,3,2,2,0,15,52,Female,41245,1,CUST0671,0
,38.182138322877776,1,5,2,3,0,19,62,Female,83602,1,CUST0672,0
441.2993372617738,166.90181686398995,1,5,1,0,0,21,39,Female,57076,1,CUST0673,0
512.1279629432985,150.4917641703294,1,4,2,1,0,15,49,Male,91516,1,CUST0674,0
934.0950370221539,134.5558309207503,1,2,0,1,1,22,35,Male,86613,4,CUST0675,0
819.3898550389496,59.38980554149171,1,5,0,2,1,4,52,Male,53601,2,CUST0676,0
489.70719532336193,52.66473925517112,1,3,2,1,1,16,52,Male,49745,1,CUST0677,0
131.7046377330612,177.00024185177023,1,5,2,1,0,9,32,Male,50004,4,CUST0678,0
79.07170576454747,89.98576663523185,1,0,1,0,0,5,56,Female,111424,1,CUST0679,0
586.7714374067709,127.22481786390362,1,3,0,2,0,10,50,Male,65251,5,CUST0680,0
460.5810062256458,7.420301299862708,1,0,1,2,1,21,60,Male,103021,3,CUST0681,0
666.6119819503466,112.16065831074118,1,1,0,2,0,6,44,Male,72213,5,CUST0682,0
513.1027454673008,32.16158590751241,1,0,0,2,0,1,61,Female,89853,3,CUST0683,0
504.46366736255453,105.85223278354437,0,2,2,2,0,18,22,Male,32424,5,CUST0684,0
653.4971063719429,46.9431952306145,1,3,1,1,0,22,23,Female,61919,1,CUST0685,0
,199.12666179364967,1,4,0,1,1,7,25,Male,49834,2,CUST0686,0
74.38109516830738,,1,5,2,1,1,24,44,Female,109631,3,CUST0687,0
490.62419553408296,124.73259371014298,1,3,2,3,1,4,54,Male,51194,5,CUST0688,0
224.2506293803641,119.83826300283158,1,4,1,1,1,8,55,Male,50357,2,CUST0689,0
869.7479213784763,72.58694065689242,1,4,2,0,1,18,69,Female,114082,1,CUST0690,1
737.2536966778123,33.93721615720313,0,3,2,1,1,23,52,Male,92446,2,CUST0691,0
765.7337440528668,137.315251647846,0,-1,1,0,1,2,25,Male,38686,1,CUST0692,0
513.8107964647043,10.491069113822316,1,1,2,0,1,7,34,Male,30501,3,CUST0693,1
541.1796948918001,142.4767975799115,1,0,2,0,1,5,47,Male,90511,2,CUST0694,0
217.68768233721326,114.0907485007179,1,0,1,2,0,20,39,Male,35608,5,CUST0695,0
670.9202706943594,117.26814459441306,1,2,0,0,1,6,57,Male,104719,4,CUST0696,0
665.3328538403645,,1,1,0,2,0,10,38,Male,36358,3,CUST0697,0
544.6809712131188,145.49878403410784,1,0,1,0,0,1,43,Female,34105,4,CUST0698,0
664.0771731196935,,0,5,1,0,0,14,63,Female,80092,5,CUST0699,0
974.1570778794783,78.74811331634083,1,1,0,2,1,9,38,Female,96900,1,CUST0700,0
959.5095372971563,139.81629480735512,1,4,2,3,0,3,35,Female,33766,1,CUST0701,0
958.4508049653991,,1,5,1,2,1,9,31,Female,107309,3,CUST0702,0
96.20624007708855,174.0730548109905,1,3,1,1,1,10,59,Male,58186,5,CUST0703,0
801.7913391999563,136.7766569876315,1,3,2,3,1,1,59,Female,67578,3,CUST0704,0
909.1292747455948,93.47745418611886,1,3,2,3,0,1,57,Male,105507,1,CUST0705,0
857.3474733384303,107.97124644795288,1,5,1,2,1,4,32,Male,60426,5,CUST0706,0
307.38119849479017,41.968967050912354,0,1,0,2,0,9,20,Female,59158,2,CUST0707,0
,190.6235172025071,1,0,2,3,0,2,48,Female,110858,4,CUST0708,0
150.07963136283377,113.47310354317047,1,1,1,3,0,8,23,Female,34493,3,CUST0709,0
,1.8356143476078168,0,3,2,2,1,7,34,Male,58172,4,CUST0710,0
17.225100531938597,70.64104564388605,1,5,0,3,0,23,19,Male,60769,2,CUST0711,0
726.4631661861602,83.14571259938917,1,0,0,0,1,18,22,Female,82089,1,CUST0712,0
,84.19483005517614,1,2,0,2,0,1,41,Female,67489,5,CUST0713,0
764.2366299241138,158.32561767939458,1,3,1,2,1,11,47,Male,74643,4,CUST0714,0
336.106565181962,169.74040310538228,1,0,2,0,0,20,57,Female,113586,4,CUST0715,0
,137.99152790347944,1,5,2,1,1,20,52,Female,51905,2,CUST0716,0
407.97703088738433,72.94026991266816,1,0,1,0,0,18,64,Male,98245,1,CUST0717,0
819.1701215328816,88.02502098688696,1,4,2,3,0,20,63,Male,48763,2,CUST0718,0
,131.0274855118463,1,5,2,3,1,19,51,Male,98025,2,CUST0719,0
,,0,3,0,3,0,20,54,Male,115151,3,CUST0720,0
701.1993617269471,170.53131415191015,1,2,0,3,1,9,32,Male,72524,5,CUST0721,0
,192.90952851969635,1,5,1,1,0,4,51,Male,43340,5,CUST0722,0
,63.60121182294034,1,4,1,1,1,1,36,Female,69056,3,CUST0723,0
636.883788965997,122.79078225747233,1,5,1,0,1,17,66,Male,59061,5,CUST0724,0
655.955850874938,,1,0,1,0,1,21,25,Female,30782,1,CUST0725,0
142.41675674638765,126.09654311346424,1,2,0,3,0,23,31,Female,98486,4,CUST0726,0
836.5400004800485,,0,5,0,1,0,3,55,Male,46634,4,CUST0727,0
68.12706013708069,108.18860447710041,0,3,2,3,0,19,66,Male,50823,2,CUST0728,0
265.31766451653306,66.96829670866664,1,1,0,1,1,5,29,Female,86323,5,CUST0729,0
962.8945928874006,142.79579184287928,1,1,1,2,0,6,50,Male,98555,3,CUST0730,0
718.3069185922475,191.825477167494,1,4,0,1,1,6,50,Female,64862,4,CUST0731,1
913.6616779891054,12.536014576803979,0,3,1,2,1,10,36,Female,95908,8,CUST0732,0
,199.43916818450452,0,4,2,0,1,9,38,Female,41662,5,CUST0733,0
164.58361647421538,83.8039424542006,1,1,2,0,1,1,67,Male,65986,2,CUST0734,0
978.225954087602,,1,1,2,0,0,21,32,Male,104467,1,CUST0735,0
656.8582120954861,68.22183417079661,1,3,1,1,1,22,67,Female,74689,3,CUST0736,0
141.3686135403752,42.76477662991076,1,0,0,1,0,24,36,Male,39678,1,CUST0737,0
620.0206812065081,171.6152853614439,1,5,1,2,1,5,49,Female,113562,1,CUST0738,0
,40.6362817358946,1,2,0,0,1,21,31,Female,92438,4,CUST0739,0
700.5108774207848,,1,4,0,1,1,15,48,Male,73917,1,CUST0740,0
872.9129930332664,,1,4,0,3,0,10,37,Male,60117,3,CUST0741,0
907.5023471580245,198.99749427735688,1,3,2,0,0,24,51,Male,73410,4,CUST0742,0
73.17685962153098,153.57767006842695,1,0,1,3,1,10,37,Male,46817,3,CUST0743,0
86.84600306388812,3.6941420261030533,0,0,1,0,1,11,58,Male,99552,2,CUST0744,0
,,1,2,1,1,1,7,27,Male,102705,1,CUST0745,0
315.543413328682,162.36283844175324,0,4,1,1,0,9,24,Male,85994,4,CUST0746,0
,,0,5,1,2,1,24,20,Male,33422,4,CUST0747,0
901.8882311175563,,0,5,1,0,0,13,40,Male,101845,3,CUST0748,0
247.2051794277693,165.85834980852562,1,3,0,3,1,20,27,Male,80721,4,CUST0749,0
,170.86941281761204,1,4,0,3,0,4,52,Male,92438,5,CUST0750,1
613.3994639030273,,1,5,2,0,0,24,34,Female,57562,3,CUST0751,1
898.4294174676577,88.89715222437016,1,0,2,2,0,17,38,Female,74844,3,CUST0752,0
974.3590177543975,174.2436335807371,1,5,0,0,0,7,47,Male,44546,2,CUST0753,0
305.73083874297777,144.85164507785385,1,0,1,2,0,2,20,Male,79506,5,CUST0754,0
478.5594525941639,59.28730158333937,1,2,2,3,1,18,19,Female,28725,1,CUST0755,1
579.4057663483505,,0,3,1,1,0,6,42,Female,88676,2,CUST0756,0
937.7145368633679,95.32846294099444,1,4,0,1,0,15,22,Male,58730,1,CUST0757,0
,30.111185876362214,1,2,0,0,0,12,24,Male,76770,2,CUST0758,0
667.8265275764298,,1,5,1,1,0,10,18,Female,53616,1,CUST0759,1
,,1,5,2,2,0,18,49,Male,90191,5,CUST0760,0
946.1915553785328,124.34770225356242,1,0,2,3,0,16,50,Female,48178,4,CUST0761,0
187.75219279927867,30.163497660126094,1,0,2,1,1,5,54,Female,43316,1,CUST0762,0
,,0,2,1,3,1,21,29,Female,39030,3,CUST0763,0
149.0044487876987,123.70599597607736,1,1,1,2,1,3,20,Male,32401,3,CUST0764,0
67.65246407643455,,1,1,0,1,0,1,36,Male,61854,1,CUST0765,0
,195.3800387787289,1,3,2,2,0,20,66,Male,49027,1,CUST0766,0
638.5382776117827,35.133567618631936,0,0,2,2,1,11,41,Female,86354,4,CUST0767,0
,150.16363908827378,1,5,1,2,1,4,40,Female,108470,5,CUST0768,1
294.3625803615773,51.590086228920384,1,2,1,3,1,21,40,Female,48591,3,CUST0769,0
130.87381505849615,84.64768017787219,1,5,0,0,0,2,55,Female,102275,5,CUST0770,0
880.8185282809911,160.66724771037252,1,1,1,0,1,2,25,Female,55467,3,CUST0771,0
422.1705128039467,126.54526217007003,1,5,2,1,0,7,41,Male,46215,2,CUST0772,0
508.57451965989577,193.9766368845993,0,3,2,0,1,19,66,Male,81819,4,CUST0773,1
209.55160913590876,78.95145617864952,1,0,0,1,1,2,27,Female,75098,4,CUST0774,0
38.06335016218287,142.5072835556488,1,2,0,2,1,18,61,Male,76633,6,CUST0775,0
514.0945105768492,98.44325374174633,1,3,0,2,1,6,21,Male,81397,5,CUST0776,0
358.41363428852713,56.681781145333844,1,4,0,1,1,11,30,Male,69354,1,CUST0777,1
450.49645636617,,1,4,2,1,0,1,45,Female,110110,5,CUST0778,0
192.3274941931168,146.53836356571887,0,3,2,2,1,4,41,Female,83605,2,CUST0779,0
185.67030558484177,,1,5,0,1,1,16,44,Female,41250,1,CUST0780,0
457.2359819705691,112.5719746535812,1,1,0,1,1,7,49,Female,55928,2,CUST0781,0
225.78925185166543,181.11802912734555,1,3,2,1,0,14,59,Male,68011,3,CUST0782,0
,15.489433747705217,1,1,2,1,1,20,35,Female,68759,5,CUST0783,1
145.4909058670546,125.63704812999748,1,1,2,1,0,2,23,Male,39991,2,CUST0784,0
422.64896510379356,6.731129003253389,1,2,0,3,0,19,46,Female,71806,3,CUST0785,0
605.4590203027238,153.15534007478863,1,0,0,3,1,13,64,Male,93033,2,CUST0786,0
412.57824441848953,114.29659915487503,0,2,1,3,0,14,44,Female,60455,5,CUST0787,0
919.4284732052831,,1,0,0,2,1,11,60,Female,74887,5,CUST0788,1
652.6063613059472,64.46179338359339,1,0,2,3,0,1,44,Female,44544,2,CUST0789,0
389.3457714196751,160.89525880209646,1,2,2,0,0,3,52,Female,115048,4,CUST0790,0
373.01761920976526,162.24673127860117,1,0,0,0,0,20,58,Male,115428,5,CUST0791,0
287.6635163161393,150.32141115232142,1,1,1,3,0,8,18,Female,38685,3,CUST0792,0
,155.42822609075586,1,4,2,3,0,2,21,Female,69512,2,CUST0793,0
364.5390460516739,105.52306129735291,1,1,1,0,0,13,49,Male,88954,3,CUST0794,0
284.71937520815527,13.474762938529583,1,5,1,2,1,22,65,Female,42903,6,CUST0795,0
101.33327326326535,14.50593449838089,0,3,1,2,1,7,48,Male,66658,3,CUST0796,0
484.89142509110303,105.51883138923417,1,1,1,0,1,15,22,Female,105299,5,CUST0797,0
451.9065328786551,73.41144190009021,1,5,0,2,1,12,66,Female,94001,2,CUST0798,0
725.7218684497013,112.31366638310874,1,2,1,1,0,13,59,Male,79084,5,CUST0799,0
915.7646807632407,37.69564088363244,1,4,2,3,0,5,20,Female,80790,2,CUST0800,0
,198.04715277637297,1,2,2,0,0,20,30,Female,52298,2,CUST0801,0
730.2358779880929,143.350245623409,1,0,1,1,0,9,67,Female,104939,3,CUST0802,0
510.2194597578554,43.74744540605264,0,4,2,1,0,23,30,Male,88535,4,CUST0803,0
404.407425355357,143.99390256106085,0,0,0,0,0,9,39,Male,59128,4,CUST0804,0
49.989341807985085,51.64654701158915,1,0,1,3,0,4,65,Male,39913,1,CUST0805,0
379.40770180326086,122.37878740266592,1,0,2,3,0,12,38,Female,82976,1,CUST0806,0
511.82925768233844,22.76087174695305,0,3,1,1,0,15,36,Female,40072,5,CUST0807,0
,53.277477963755814,1,4,0,3,1,5,32,Female,74317,4,CUST0808,0
367.54649106621684,42.45420598159486,1,5,0,1,1,9,64,Male,62459,3,CUST0809,0
348.0152020113415,,0,5,2,2,0,23,33,Male,105899,1,CUST0810,0
548.3859247843512,189.51348566595263,1,3,1,2,1,2,23,Male,104898,5,CUST0811,0
961.504791159564,22.850373706309888,1,1,0,0,1,8,39,Male,97305,4,CUST0812,0
196.06337025970188,,1,3,1,2,0,6,34,Male,105941,3,CUST0813,0
354.4535349467467,123.881894826824,0,1,2,3,0,13,61,Male,92382,3,CUST0814,0
,72.36795203076076,1,4,1,3,1,7,62,Male,93334,3,CUST0815,0
384.5754216746756,105.72275504452315,1,2,1,0,0,8,22,Male,58595,4,CUST0816,1
787.2254206797675,75.89708372397858,1,4,0,1,1,5,25,Male,51784,1,CUST0817,0
394.12833731069196,156.3288418205668,1,1,1,2,0,2,50,Female,101075,4,CUST0818,0
492.6461985440043,189.53899190004745,1,4,0,1,1,4,64,Male,102884,1,CUST0819,0
772.45978276294,180.54912243722455,1,4,2,3,0,8,68,Female,62081,1,CUST0820,1
551.738772884809,,1,3,2,2,0,23,19,Female,59165,4,CUST0821,0
,127.62691632961605,0,0,1,1,0,10,36,Male,66808,2,CUST0822,0
137.026477914721,56.76953237641846,1,0,2,3,1,22,22,Male,55708,4,CUST0823,1
999.0034747690897,101.10086243830207,1,0,2,3,0,6,23,Male,83554,1,CUST0824,0
,68.02312745591905,1,3,2,1,0,4,53,Male,94989,5,CUST0825,0
450.62168110399034,69.27728087912874,1,3,0,2,1,24,37,Female,103900,5,CUST0826,0
624.7097334887743,63.9324035241716,1,1,2,0,1,21,59,Female,52207,5,CUST0827,0
52.44043481154803,,0,1,0,1,0,11,40,Female,60418,4,CUST0828,1
186.72793870242234,102.3201794432644,0,5,0,3,1,17,19,Male,77568,1,CUST0829,0
801.6564055360575,,1,5,2,2,1,23,38,Male,44937,2,CUST0830,0
644.5883923158356,191.08066643386258,1,5,1,3,0,23,35,Female,87971,1,CUST0831,0
406.16329846738364,41.290566556958844,1,0,1,0,1,20,27,Male,86896,4,CUST0832,0
612.6547497117778,95.83314664433462,1,0,1,0,0,19,46,Male,52494,2,CUST0833,0
443.56944596537215,,1,3,2,3,1,18,50,Male,57259,4,CUST0834,0
533.8744358371283,107.93035664086415,1,4,1,1,1,19,26,Female,81867,5,CUST0835,0
,148.92371781292215,1,5,1,0,0,17,40,Male,92181,2,CUST0836,0
45.019634535479966,120.34804000724193,0,3,1,3,0,18,37,Male,51986,2,CUST0837,0
327.3164273419538,93.95970026292588,1,2,0,0,1,13,53,Female,107828,2,CUST0838,0
500.37481810381524,103.5259699222732,1,0,1,0,0,5,60,Male,73931,5,CUST0839,0
,49.70408798617822,0,5,2,1,1,11,36,Female,35881,2,CUST0840,0
63.16125757079239,0.15382528302538834,0,3,0,1,1,10,26,Female,36435,4,CUST0841,0
780.4130065714861,10.398172510218773,1,1,1,0,0,10,61,Male,41532,4,CUST0842,0
377.0649916468433,170.8070987883231,1,5,2,2,1,22,57,Female,95939,1,CUST0843,1
,27.654906682400227,1,3,0,1,1,16,59,Female,66126,3,CUST0844,0
408.32421797108896,,1,5,0,1,1,10,64,Female,55304,5,CUST0845,0
820.6175328989676,188.22674232811056,1,5,0,3,0,19,50,Female,105229,2,CUST0846,0
,178.12489047971795,1,2,2,3,1,18,21,Female,63134,5,CUST0847,0
948.8679465424995,14.113497553766564,1,2,1,1,0,11,33,Male,35287,5,CUST0848,0
,,1,0,2,2,1,16,33,Male,32344,2,CUST0849,0
178.49590410684456,23.881117195613367,1,0,1,0,1,9,21,Male,53662,3,CUST0850,0
249.44778038526184,105.85215922556601,1,5,1,2,1,23,65,Female,111347,4,CUST0851,0
89.64516887572805,73.45814804022474,0,2,0,3,1,3,38,Male,33433,5,CUST0852,0
173.56279141302068,109.73929911995486,1,1,2,0,0,7,57,Female,46493,2,CUST0853,0
90.72312244730585,77.47574843731904,1,4,2,2,0,22,48,Male,71449,2,CUST0854,0
,,1,1,2,0,1,21,68,Female,86387,5,CUST0855,0
141.97186138177287,162.7553537129213,1,4,2,0,0,15,42,Male,95439,4,CUST0856,0
774.0049768613825,152.85108440805524,1,0,0,3,0,15,34,Female,101225,4,CUST0857,0
,24.020857336839985,1,0,1,2,1,11,27,Male,30430,3,CUST0858,0
295.5660252376897,99.75933591766075,1,3,0,3,1,20,53,Male,85317,5,CUST0859,0
,,1,4,2,3,0,6,52,Male,41976,2,CUST0860,0
768.515559521164,,0,4,1,0,1,10,24,Male,69108,4,CUST0861,0
790.0132966782569,,1,1,1,3,1,18,32,Female,69648,5,CUST0862,0
894.2489678839609,100.3280425381131,1,5,2,2,1,8,28,Female,75307,3,CUST0863,0
480.48503783618446,154.44750637948565,1,1,0,1,1,14,51,Male,113391,4,CUST0864,1
926.6324677594316,111.41074149427688,1,3,2,0,0,16,27,Male,67633,2,CUST0865,1
,,1,5,1,2,0,5,21,Male,67455,2,CUST0866,1
4.579527325646926,154.1721907772006,0,5,1,0,0,24,25,Female,39651,4,CUST0867,0
770.2579311011706,,1,0,0,1,1,4,34,Male,45783,1,CUST0868,1
985.3088283370492,36.07510775391414,1,1,2,0,1,16,66,Female,52106,4,CUST0869,0
749.9916290426103,97.85370890528338,1,5,2,2,0,6,46,Male,76473,3,CUST0870,0
965.4306357754551,140.89960439464795,1,3,1,3,1,7,48,Female,35264,5,CUST0871,1
543.6231954539468,,1,2,1,2,0,7,50,Female,81551,5,CUST0872,0
393.49109945838677,106.9661613393275,1,2,1,1,0,4,43,Male,55533,2,CUST0873,0
552.4687946878183,,1,5,0,2,1,22,68,Male,50940,4,CUST0874,0
,158.41098573231656,0,3,0,3,1,5,23,Male,99080,3,CUST0875,0
488.1978305398786,172.2442986119183,1,2,2,1,0,7,65,Male,81032,4,CUST0876,1
649.7342527735466,,1,2,0,1,0,24,38,Male,61928,4,CUST0877,0
580.8809499404454,,1,5,1,2,1,23,26,Female,39954,1,CUST0878,0
378.4125162629407,,0,2,0,1,1,16,34,Female,86126,4,CUST0879,0
958.5970248504092,36.66457186485228,1,0,1,2,1,9,57,Male,79370,4,CUST0880,0
795.1769720980124,44.10584536805886,1,3,1,0,1,23,25,Female,38447,3,CUST0881,0
845.9521770357777,156.7304345745493,0,4,0,1,1,20,20,Female,103149,2,CUST0882,0
,95.39978239040137,1,0,0,2,1,12,25,Female,72119,5,CUST0883,0
122.83355166961007,78.05860377096114,1,1,2,0,0,8,42,Female,96802,5,CUST0884,0
197.5399699706394,74.17641929779042,0,2,0,3,0,1,43,Male,37399,1,CUST0885,0
437.9689430773452,152.01457972224895,1,5,1,1,0,13,50,Male,108574,5,CUST0886,1
,81.33621500582062,1,2,1,3,0,11,19,Male,47636,4,CUST0887,0
,90.64885713779611,1,0,2,2,1,1,51,Female,39093,3,CUST0888,0
240.07197849408345,,1,2,1,1,0,13,52,Male,50931,4,CUST0889,0
997.2243687895796,116.14281084644244,1,1,1,1,0,22,24,Female,37770,4,CUST0890,0
,147.99293380544222,0,1,0,1,0,18,43,Male,86539,4,CUST0891,0
220.49823113133417,,1,2,0,0,1,12,38,Female,64167,3,CUST0892,0
770.1114794131289,,0,4,1,3,1,20,52,Female,59416,1,CUST0893,0
421.1316443186596,2.7015765364428734,1,3,2,0,1,8,54,Female,58113,2,CUST0894,0
118.52389322557922,4.8562367580574195,1,2,1,0,0,2,65,Female,44204,2,CUST0895,0
134.3276012193061,53.780266156535795,1,0,2,3,1,3,28,Male,37276,2,CUST0896,0
495.9785534203096,,1,3,1,3,1,24,24,Male,46281,5,CUST0897,0
424.6442611146587,,1,3,1,2,1,3,53,Male,39832,3,CUST0898,0
,15.038924514603448,1,1,1,2,0,8,31,Male,50351,3,CUST0899,1
714.7107681957033,,1,5,1,0,1,10,20,Female,67005,3,CUST0900,0
904.9776644140409,,1,2,1,0,0,3,48,Male,43094,2,CUST0901,0
627.2105458143533,27.12823841158758,1,0,0,2,1,18,30,Female,107365,4,CUST0902,0
572.9531512187518,117.8885693453577,0,0,2,3,0,9,27,Female,106477,4,CUST0903,0
460.524739526902,19.427264325711334,1,3,1,1,1,21,67,Female,56851,6,CUST0904,0
636.2701522638001,89.9445188607329,1,3,0,3,0,4,51,Female,78219,2,CUST0905,0
900.2780821873434,,0,0,2,0,0,12,68,Female,89509,3,CUST0906,0
,108.54741934650225,1,2,2,2,1,13,41,Male,55973,2,CUST0907,0
934.4049347968105,93.84812928711968,1,2,2,2,1,10,53,Female,50650,4,CUST0908,0
861.0107451735084,6.6153476705965275,0,2,2,1,1,14,53,Female,38208,5,CUST0909,0
440.6472655809922,127.4014589740247,1,3,2,0,1,4,31,Female,65124,4,CUST0910,0
47.67256975247203,,1,4,1,1,0,22,56,Male,114090,7,CUST0911,0
,142.55162474595323,1,5,0,0,0,24,44,Male,89203,1,CUST0912,0
,191.8108325574391,1,5,2,2,0,9,50,Female,46574,2,CUST0913,0
45.785964437014435,62.79143858717868,1,4,2,2,0,7,55,Female,46421,1,CUST0914,1
365.83805546452965,148.59545999672486,1,2,0,1,1,17,20,Male,36047,2,CUST0915,0
857.5653583643006,,1,3,2,2,0,24,44,Female,54112,3,CUST0916,0
144.68430149256184,146.8893379334273,1,3,0,2,1,9,53,Male,102700,2,CUST0917,0
929.7612774446872,158.53018816865392,1,3,0,3,0,13,49,Male,60108,5,CUST0918,1
,34.434600817273164,1,3,1,1,0,7,45,Male,65709,1,CUST0919,0
,128.56433877258092,1,4,2,2,1,10,32,Male,52227,2,CUST0920,0
88.87667215608242,,0,4,1,0,1,11,46,Male,87779,3,CUST0921,1
340.3673256102333,45.84462617760803,1,5,0,0,1,7,34,Female,109986,4,CUST0922,0
575.9475543489194,61.746624047132535,0,2,1,0,1,21,27,Female,57685,2,CUST0923,0
902.9730098090762,44.74159474235091,1,3,1,2,1,9,61,Female,117568,4,CUST0924,0
776.167725612985,,1,5,1,0,0,3,34,Male,104134,1,CUST0925,0
867.3245570295779,14.977648773181173,1,5,2,0,1,13,42,Male,36423,1,CUST0926,0
,23.09628499354237,1,4,1,0,1,8,57,Male,81868,1,CUST0927,0
327.3076897412307,154.21738152686115,1,1,1,2,1,10,62,Male,41454,4,CUST0928,0
413.2605777378146,55.03719268409824,1,5,1,3,1,22,64,Male,115058,5,CUST0929,0
938.2015408516149,195.28369937010285,0,5,1,3,0,16,27,Female,88438,1,CUST0930,0
,170.70592279835893,1,0,0,3,0,18,66,Male,57178,3,CUST0931,0
113.77412793969333,177.2010296154391,1,5,0,2,0,23,33,Female,35430,1,CUST0932,0
178.15634338458875,,1,1,2,2,0,5,22,Female,54641,3,CUST0933,0
920.6139343521971,,1,1,2,0,1,18,57,Male,78720,5,CUST0934,0
288.02531633718866,0.4722112819230073,1,1,0,0,1,17,47,Male,90491,3,CUST0935,0
256.89138794518163,,1,1,0,2,0,13,49,Male,110207,2,CUST0936,0
882.0474459136585,171.25775424817908,0,5,2,3,0,11,35,Female,40067,4,CUST0937,0
562.3737215452967,,1,1,2,1,0,22,29,Female,58593,5,CUST0938,0
539.0731070373008,57.16673460665855,1,4,1,2,0,12,44,Female,73293,1,CUST0939,0
,114.61554759786554,0,2,2,1,1,12,62,Female,88435,2,CUST0940,0
665.2720587380169,87.21800187393033,1,0,1,2,1,17,45,Female,58970,3,CUST0941,0
,60.12543848711724,0,4,1,0,1,23,37,Female,86718,2,CUST0942,0
983.5996326741941,55.096519564964,1,5,0,3,1,15,49,Male,36760,2,CUST0943,0
405.6090763841158,73.31542229291101,1,2,1,3,0,17,61,Female,65581,5,CUST0944,0
202.0016922856064,140.67971308649382,1,1,0,3,0,11,40,Female,106911,2,CUST0945,0
,197.5122443032668,1,1,0,0,0,21,20,Female,27013,5,CUST0946,0
,,1,4,2,3,1,1,20,Female,80019,1,CUST0947,0
,189.07933677638067,1,4,1,0,0,15,36,Male,40610,2,CUST0948,0
400.51299011142214,,1,2,0,2,0,15,59,Female,69909,1,CUST0949,0
948.8157191000383,118.87371283248649,1,1,2,2,1,16,56,Male,72559,5,CUST0950,0
47.209655224363935,,1,5,1,2,1,22,34,Female,99933,4,CUST0951,0
533.6901587045287,130.59477496144137,1,0,0,3,0,13,49,Male,92797,1,CUST0952,0
744.5023939165417,124.64086852805217,0,4,0,2,1,24,48,Male,108692,5,CUST0953,1
451.1364393546651,4.962808991252476,1,2,1,3,0,3,63,Female,77099,3,CUST0954,0
642.4510978704462,121.82313127625662,1,0,2,2,0,9,26,Male,49060,2,CUST0955,0
827.9019691304885,,1,0,2,0,0,14,52,Male,94324,4,CUST0956,0
,,1,0,1,3,1,4,34,Female,70826,3,CUST0957,0
545.205960511643,154.8054012867374,1,4,1,3,0,8,33,Female,51962,2,CUST0958,0
,140.18420687218617,1,2,1,2,1,2,57,Female,61693,1,CUST0959,0
998.5678380965267,94.56419812650245,1,1,1,1,0,17,33,Female,107814,5,CUST0960,0
590.297467697842,179.52063681649213,1,5,1,0,1,22,39,Female,73094,5,CUST0961,0
,148.95053623801041,1,5,0,0,1,2,46,Male,56159,3,CUST0962,0
,89.56533430800278,1,1,1,0,1,21,28,Female,93794,4,CUST0963,0
772.9762636042426,,1,2,0,0,1,24,27,Male,82517,4,CUST0964,0
427.10098318474274,98.19568138087236,0,4,0,1,1,3,66,Female,101426,5,CUST0965,0
620.9366084847001,13.606963813281459,1,4,2,3,1,14,52,Male,103283,1,CUST0966,0
38.0911417217602,80.33599230245771,1,0,2,1,1,24,22,Female,53936,3,CUST0967,0
989.3997356194219,143.91492978570065,1,2,1,0,0,1,61,Female,48922,3,CUST0968,0
,26.55874280286763,1,4,1,3,0,16,33,Male,101100,5,CUST0969,0
776.9979899847704,105.52769041919703,0,0,0,0,1,21,30,Male,61452,5,CUST0970,0
748.8963550180255,165.92601410180822,1,3,0,2,0,1,24,Male,37482,1,CUST0971,1
477.1669280782318,7.8542311969958645,0,1,2,1,1,4,42,Female,76694,3,CUST0972,0
817.4715592390351,63.08809932555479,1,1,0,3,1,14,51,Female,87192,3,CUST0973,0
333.42103239347364,188.5273797702563,0,3,1,2,0,24,68,Male,59445,4,CUST0974,0
56.207645624720136,,1,3,2,3,0,15,41,Male,68822,4,CUST0975,1
375.7215170820876,122.78858258904148,1,5,0,2,1,24,68,Male,48841,1,CUST0976,0
587.595921569079,99.44657131196244,1,1,2,2,1,20,69,Male,61909,3,CUST0977,0
49.37664903675865,91.69181642043655,0,4,0,3,1,1,67,Female,40341,1,CUST0978,0
674.8978806451896,136.83100837169852,1,1,1,0,0,7,20,Male,32802,5,CUST0979,0
962.3135762703862,140.61268157015581,1,5,0,3,0,7,20,Male,103050,2,CUST0980,0
224.4293962499757,29.8671251551915,1,1,0,3,1,11,52,Male,58147,4,CUST0981,0
49.36957168559542,20.77678641290477,0,-1,0,1,1,5,53,Female,98867,3,CUST0982,0
,19.526549004666816,1,4,0,3,1,16,61,Male,88626,6,CUST0983,0
57.58034295947634,19.534903062521636,0,0,0,1,1,12,69,Female,97708,5,CUST0984,0
901.6671897249067,129.17095371184695,1,0,2,0,1,24,38,Female,66452,2,CUST0985,1
184.01924746922603,,1,0,0,1,0,10,64,Male,93637,5,CUST0986,0
309.1819703349381,189.05520556992735,0,0,0,3,1,5,68,Male,96170,4,CUST0987,0
,115.10328130071817,0,1,2,1,0,11,50,Male,106580,3,CUST0988,0
70.93576804418844,154.02825975950822,1,5,1,2,1,2,40,Female,53333,5,CUST0989,0
609.888310969033,38.2993284804047,1,3,2,2,0,16,54,Female,113168,3,CUST0990,0
,172.42970380431822,1,2,2,2,1,23,36,Male,84641,5,CUST0991,0
,29.68900099696348,1,0,0,2,1,10,39,Female,40912,3,CUST0992,0
1.6815634015158176,17.579075022142533,1,1,0,0,0,2,68,Male,83166,1,CUST0993,0
443.6843007583188,63.5603308857682,1,2,2,0,1,13,29,Female,63259,3,CUST0994,0
936.553233144029,121.88322167643881,0,1,0,1,1,18,51,Female,105577,2,CUST0995,0
,1.8359448608913809,1,0,2,1,1,9,62,Female,44622,4,CUST0996,0
278.06191869231947,,1,1,0,1,0,4,63,Male,43374,1,CUST0997,0
711.1335089496371,34.510053502673046,0,2,2,0,1,18,32,Male,108373,5,CUST0998,0
,95.21778401971149,1,3,2,0,0,17,29,Female,92292,5,CUST0999,0
305.67171012679785,66.60918413123991,0,5,2,1,1,12,63,Male,70281,4,CUST1000,0
